REGION_ID,MON_YEAR,REGION,STATE,SECTOR,CATEGORY,FUEL,UTILITY,STATION,INSTALLED CAPACITY,PROGRAM GENERATION,ACTUAL GENERATION
REG2,`Apr-15,WESTERN,MADHYA PRADESH,STATE,HYDRO,HYDRO,MPPGCL,BANSAGAR TONS-III  HPS,60,0,8
REG1,`Apr-15,NORTHERN,UTTARAKHAND,STATE,HYDRO,HYDRO,UJVNL,CHILLA  HPS,144,63,62
REG1,`Apr-15,NORTHERN,UTTAR PRADESH,CENTRAL,THERMAL,COAL,NTPC Ltd.,DADRI (NCTPP),"1,820",925,897
REG3,`Apr-15,SOUTHERN,TAMIL NADU,CENTRAL,NUCLEAR,NUCLEAR,NPCIL,MADRAS  A.P.S.,440,245,286
REG1,`Apr-15,NORTHERN,UTTARAKHAND,STATE,HYDRO,HYDRO,UJVNL,KULHAL  HPS,30,9,16
REG4,`Apr-15,EASTERN,BIHAR,CENTRAL,THERMAL,COAL,NTPC Ltd.,MUZAFFARPUR TPS,415,100,61
REG3,`Apr-15,SOUTHERN,TELANGANA,STATE,HYDRO,HYDRO,TSGENCO,NAGARJUN SGR  HPS,816,60,10
REG3,`Apr-15,SOUTHERN,KERALA,STATE,HYDRO,HYDRO,KSEB,NARIAMANGLAM  HPS,70,6,19
REG1,`Apr-15,NORTHERN,HIMACHAL PRADESH,CENTRAL,HYDRO,HYDRO,SJVNL,NATHPA JHAKRI HPS,"1,500",315,433
REG3,`Apr-15,SOUTHERN,TAMIL NADU,CENTRAL,THERMAL,LIGNITE,NLC,NEYVELI TPS-II,"1,470",913,"1,012"
REG3,`Apr-15,SOUTHERN,ANDHRA PRADESH,PRIVATE IPP,THERMAL,GAS,GVKP&IL,JEGURUPADU CCPP,455,16,57
REG2,`Apr-15,WESTERN,MADHYA PRADESH,STATE,THERMAL,COAL,MPPGCL,AMARKANTAK EXT TPS,450,190,152
REG1,`Apr-15,NORTHERN,HARYANA,STATE,THERMAL,COAL,HPGCL,PANIPAT TPS,"1,360",401,7
REG3,`Apr-15,SOUTHERN,TAMIL NADU,STATE,HYDRO,HYDRO,TNGDCL,PAPANASAM  HPS.,32,2,4
REG2,`Apr-15,WESTERN,MAHARASHTRA,STATE,THERMAL,COAL,MAHAGENCO,PARAS TPS,500,314,251
REG2,`Apr-15,WESTERN,MAHARASHTRA,STATE,THERMAL,COAL,MAHAGENCO,BHUSAWAL TPS,"1,420",680,605
REG1,`Apr-15,NORTHERN,HIMACHAL PRADESH,CENTRAL,HYDRO,HYDRO,NHPC,CHAMERA- II  HPS,300,121,182
REG3,`Apr-15,SOUTHERN,TAMIL NADU,STATE,THERMAL,COAL,TNGDCL,TUTICORIN TPS,"1,050",675,682
REG2,`Apr-15,WESTERN,GUJARAT,PRIVATE IPP,THERMAL,GAS,ESSAR,ESSAR CCPP,515,0,0
REG2,`Apr-15,WESTERN,MADHYA PRADESH,STATE,HYDRO,HYDRO,MPPGCL,BARGI  HPS,90,43,85
REG3,`Apr-15,SOUTHERN,KERALA,STATE,HYDRO,HYDRO,KSEB,SABARIGIRI  HPS.,300,144,163
REG3,`Apr-15,SOUTHERN,TAMIL NADU,PRIVATE IPP,THERMAL,DIESEL,SAMALPATI,SAMALPATTI DG,106,8,0
REG4,`Apr-15,EASTERN,ORISSA,CENTRAL,THERMAL,COAL,NTPC Ltd.,TALCHER STPS,"3,000","1,993","2,067"
REG4,`Apr-15,EASTERN,SIKKIM,CENTRAL,HYDRO,HYDRO,NHPC,TEESTA V HPS,510,170,171
REG2,`Apr-15,WESTERN,CHHATTISGARH,PRIVATE IPP,THERMAL,COAL,JPL,OP JINDAL TPS,"1,000",708,321
REG2,`Apr-15,WESTERN,MADHYA PRADESH,CENTRAL,HYDRO,HYDRO,NHDC,OMKARESHWAR  HPS,520,85,76
REG1,`Apr-15,NORTHERN,RAJASTHAN,CENTRAL,THERMAL,GAS,NTPC Ltd.,ANTA CCPP,419,83,47
REG3,`Apr-15,SOUTHERN,KARNATAKA,STATE,HYDRO,HYDRO,KPCL,KALINADI SUPA  HPS,100,41,41
REG5,`Apr-15,NORTH EASTERN,ASSAM,CENTRAL,THERMAL,GAS,NEEPCO.,KATHALGURI CCPP,291,150,140
REG3,`Apr-15,SOUTHERN,KERALA,CENTRAL,THERMAL,NAPTHA,NTPC Ltd.,R. GANDHI CCPP (Liq.),360,37,0
REG4,`Apr-15,EASTERN,ORISSA,STATE,HYDRO,HYDRO,OHPC,RENGALI  HPS.,250,36,15
REG3,`Apr-15,SOUTHERN,KARNATAKA,PRIVATE IPP,THERMAL,COAL,JSWEL,TORANGALLU TPS(SBU-II),600,408,373
REG1,`Apr-15,NORTHERN,HIMACHAL PRADESH,PRIVATE IPP,HYDRO,HYDRO,E.P.P.L.,MALANA-II  HPS,100,20,21
REG2,`Apr-15,WESTERN,CHHATTISGARH,CENTRAL,THERMAL,COAL,NTPC Ltd.,SIPAT STPS,"2,980","1,491","1,579"
REG3,`Apr-15,SOUTHERN,TAMIL NADU,STATE,THERMAL,GAS,TNGDCL,VALUTHUR CCPP,186,90,59
REG1,`Apr-15,NORTHERN,RAJASTHAN,CENTRAL,THERMAL,LIGNITE,NLC,BARSINGSAR LIGNITE,250,75,132
REG4,`Apr-15,EASTERN,JHARKHAND,STATE,THERMAL,COAL,TVNL,TENUGHAT TPS,420,219,197
REG4,`Apr-15,EASTERN,WEST BENGAL,STATE,HYDRO,HYDRO,WBSEDCL,JALDHAKA  HPS ST-I,27,10,13
REG3,`Apr-15,SOUTHERN,KERALA,STATE,HYDRO,HYDRO,KSEB,SHOLAYAR  HPS.,54,30,30
REG4,`Apr-15,EASTERN,WEST BENGAL,STATE,THERMAL,COAL,WBPDC,SAGARDIGHI TPS,600,391,267
REG1,`Apr-15,NORTHERN,RAJASTHAN,PRIVATE IPP,THERMAL,LIGNITE,RWPL (JSW),JALIPA KAPURDI TPP,"1,080",606,571
REG2,`Apr-15,WESTERN,MAHARASHTRA,STATE,HYDRO,HYDRO,MAHAGENCO,BHIRA TAIL RACE  HPS,80,4,7
REG4,`Apr-15,EASTERN,WEST BENGAL,CENTRAL,HYDRO,HYDRO,NHPC,TEESTA LOW DAM-III HPS,132,29,25
REG2,`Apr-15,WESTERN,GUJARAT,STATE,THERMAL,GAS,GSEGL,HAZIRA CCPP EXT,351,0,0
REG2,`Apr-15,WESTERN,MAHARASHTRA,PRIVATE IPP,HYDRO,HYDRO,DLHP,BHANDARDHARA  HPS ST-II,34,4,11
REG4,`Apr-15,EASTERN,JHARKHAND,PRIVATE IPP,THERMAL,COAL,ADHUNIK,MAHADEV PRASAD STPP,540,206,167
REG2,`Apr-15,WESTERN,MADHYA PRADESH,STATE,THERMAL,COAL,MPPGCL,SHRI SINGHAJI TPP,"1,200",291,199
REG2,`Apr-15,WESTERN,MADHYA PRADESH,PRIVATE IPP,THERMAL,COAL,JHAPL,SEIONI TPP,0,0,0
REG2,`Apr-15,WESTERN,MADHYA PRADESH,PRIVATE IPP,THERMAL,COAL,JPPVL,NIGRI TPP,"1,320",272,320
REG2,`Apr-15,WESTERN,CHHATTISGARH,PRIVATE IPP,THERMAL,COAL,SKS,BINJKOTE TPP,0,0,0
REG2,`Apr-15,WESTERN,MAHARASHTRA,PRIVATE IPP,THERMAL,COAL,IBPL,AMARAVATI TPS,"1,350",190,198
REG2,`Apr-15,WESTERN,MAHARASHTRA,PRIVATE IPP,THERMAL,COAL,IBPL,NASIK (P) TPS,270,49,0
REG4,`Apr-15,EASTERN,BIHAR,CENTRAL,THERMAL,COAL,NTPCIR,NABI NAGAR TPP,0,0,0
REG5,`Apr-15,NORTH EASTERN,TRIPURA,CENTRAL,THERMAL,GAS,NEEPCO.,MONARCHAK CCPP,65,0,1
REG2,`Apr-15,WESTERN,CHHATTISGARH,PRIVATE IPP,THERMAL,COAL,ACB,CHAKABURA TPP,30,16,12
REG2,`Apr-15,WESTERN,MADHYA PRADESH,PRIVATE IPP,THERMAL,COAL,JPPVL,BINA TPS,500,227,142
REG2,`Apr-15,WESTERN,CHHATTISGARH,PRIVATE IPP,THERMAL,COAL,WPCL,AKALTARA TPS,"1,200",394,322
REG1,`Apr-15,NORTHERN,PUNJAB,PRIVATE IPP,THERMAL,COAL,GPGSL (GVK),GOINDWAL SAHIB,0,0,0
REG2,`Apr-15,WESTERN,MAHARASHTRA,CENTRAL,THERMAL,COAL,NTPC Ltd.,MAUDA TPS,"1,000",387,239
REG1,`Apr-15,NORTHERN,PUNJAB,PRIVATE IPP,THERMAL,COAL,NPL,RAJPURA TPP,"1,400",671,393
REG3,`Apr-15,SOUTHERN,KERALA,PRIVATE IPP,THERMAL,NAPTHA,BSES(C),COCHIN CCPP (Liq.),174,4,0
REG4,`Apr-15,EASTERN,WEST BENGAL,STATE,THERMAL,COAL,DPL,D.P.L. TPS,880,154,179
REG2,`Apr-15,WESTERN,MAHARASHTRA,PRIVATE,THERMAL,COAL,RIL (DAHANU),DAHANU TPS,500,360,342
REG1,`Apr-15,NORTHERN,RAJASTHAN,STATE,THERMAL,COAL,RRVUNL,KOTA TPS,"1,240",751,494
REG3,`Apr-15,SOUTHERN,TELANGANA,STATE,THERMAL,COAL,TSGENCO,KOTHAGUDEM TPS,720,440,404
REG2,`Apr-15,WESTERN,GUJARAT,STATE,THERMAL,LIGNITE,GSECL,KUTCH LIG. TPS,290,119,107
REG5,`Apr-15,NORTH EASTERN,MEGHALAYA,STATE,HYDRO,HYDRO,MeECL,KYRDEMKULAI  HPS.,60,6,8
REG3,`Apr-15,SOUTHERN,ANDHRA PRADESH,STATE,HYDRO,HYDRO,APGENCO,NAGARJUN SGR RBC   HPS,90,2,0
REG5,`Apr-15,NORTH EASTERN,ASSAM,STATE,THERMAL,GAS,APGPCL,NAMRUP CCPP,119,52,48
REG2,`Apr-15,WESTERN,MAHARASHTRA,STATE,THERMAL,COAL,MAHAGENCO,PARLI TPS,"1,130",346,403
REG3,`Apr-15,SOUTHERN,TAMIL NADU,CENTRAL,THERMAL,LIGNITE,NLC,NEYVELI ( EXT) TPS,420,272,300
REG5,`Apr-15,NORTH EASTERN,MANIPUR,STATE,THERMAL,DIESEL,"ED, Manipur",LEIMAKHONG DG,36,0,0
REG5,`Apr-15,NORTH EASTERN,MANIPUR,CENTRAL,HYDRO,HYDRO,NHPC,LOKTAK  HPS.,105,26,8
REG3,`Apr-15,SOUTHERN,TAMIL NADU,STATE,HYDRO,HYDRO,TNGDCL,ALIYAR  HPS.,60,10,12
REG1,`Apr-15,NORTHERN,PUNJAB,STATE,HYDRO,HYDRO,PSPCL,ANANDPUR SAHIB HPS,134,26,7
REG1,`Apr-15,NORTHERN,PUNJAB,STATE,THERMAL,COAL,PSPCL,ROPAR TPS,"1,260",606,264
REG3,`Apr-15,SOUTHERN,ANDHRA PRADESH,PRIVATE IPP,THERMAL,GAS,BSES(P),PEDDAPURAM CCPP,220,20,0
REG2,`Apr-15,WESTERN,GUJARAT,CENTRAL,THERMAL,GAS,NTPC Ltd.,GANDHAR CCPP,657,115,169
REG2,`Apr-15,WESTERN,MAHARASHTRA,PRIVATE,HYDRO,HYDRO,TATA MAH.,BHIVPURI  HPS,75,31,23
REG4,`Apr-15,EASTERN,WEST BENGAL,PRIVATE,THERMAL,COAL,CESC,TITAGARH TPS,240,160,49
REG2,`Apr-15,WESTERN,MAHARASHTRA,PRIVATE,THERMAL,COAL,TATA PCL,TROMBAY TPS,"1,400",424,517
REG2,`Apr-15,WESTERN,GUJARAT,STATE,THERMAL,COAL,GSECL,UKAI TPS,"1,350",664,613
REG5,`Apr-15,NORTH EASTERN,MEGHALAYA,STATE,HYDRO,HYDRO,MeECL,UMIAM HPS ST-IV,60,10,8
REG3,`Apr-15,SOUTHERN,ANDHRA PRADESH,STATE,THERMAL,COAL,APGENCO,Dr. N.TATA RAO TPS,"1,760","1,134","1,070"
REG1,`Apr-15,NORTHERN,DELHI,STATE,THERMAL,COAL,IPGPCL,RAJGHAT TPS,135,17,18
REG2,`Apr-15,WESTERN,MADHYA PRADESH,STATE,HYDRO,HYDRO,MPPGCL,RAJGHAT  HPS,45,0,0
REG1,`Apr-15,NORTHERN,HARYANA,CENTRAL,THERMAL,GAS,NTPC Ltd.,FARIDABAD CCPP,432,99,28
REG1,`Apr-15,NORTHERN,RAJASTHAN,CENTRAL,NUCLEAR,NUCLEAR,DAE,DAE (RAJASTHAN),100,0,0
REG4,`Apr-15,EASTERN,WEST BENGAL,STATE,THERMAL,COAL,WBPDC,SANTALDIH TPS,980,298,279
REG3,`Apr-15,SOUTHERN,TELANGANA,STATE,HYDRO,HYDRO,TSGENCO,SRISAILAM LB  HPS,900,52,8
REG5,`Apr-15,NORTH EASTERN,ASSAM,STATE,HYDRO,HYDRO,APGPCL,KARBI LANGPI  HPS.,100,9,20
REG1,`Apr-15,NORTHERN,UTTARAKHAND,CENTRAL,HYDRO,HYDRO,THDC,TEHRI ST-1  HPS,"1,000",218,207
REG3,`Apr-15,SOUTHERN,TAMIL NADU,PRIVATE IPP,THERMAL,GAS,PPNPGCL,P.NALLUR CCPP,331,9,0
REG4,`Apr-15,EASTERN,ANDAMAN NICOBAR,STATE,THERMAL,DIESEL,A&N ADM,AND. NICOBAR DG,40,12,18
REG2,`Apr-15,WESTERN,GUJARAT,PRIVATE IPP,THERMAL,COAL,APL,MUNDRA TPS,"4,620","2,877","2,948"
REG2,`Apr-15,WESTERN,GUJARAT,PRIVATE IPP,THERMAL,GAS,TOR. POW. (SUGEN),SUGEN CCPP,"1,148",240,252
REG1,`Apr-15,NORTHERN,JAMMU AND KASHMIR,CENTRAL,HYDRO,HYDRO,NHPC,SEWA-II  HPS,120,72,92
REG1,`Apr-15,NORTHERN,UTTAR PRADESH,STATE,THERMAL,COAL,UPRVUNL,HARDUAGANJ TPS,665,337,140
REG2,`Apr-15,WESTERN,CHHATTISGARH,STATE,HYDRO,HYDRO,CSPGCL,HASDEOBANGO  HPS,120,10,23
REG4,`Apr-15,EASTERN,ORISSA,STATE,HYDRO,HYDRO,OHPC,UPPER KOLAB  HPS.,320,86,68
REG2,`Apr-15,WESTERN,MAHARASHTRA,STATE,HYDRO,HYDRO,MAHAGENCO,GHATGHAR  PSS  HPS,250,35,22
REG3,`Apr-15,SOUTHERN,TAMIL NADU,CENTRAL,THERMAL,LIGNITE,NLC,NEYVELI TPS-II EXP,500,219,96
REG3,`Apr-15,SOUTHERN,KERALA,STATE,HYDRO,HYDRO,KSEB,KUTTIYADI ADDL. EXTN.,100,0,0
REG3,`Apr-15,SOUTHERN,ANDHRA PRADESH,STATE,HYDRO,HYDRO,APGENCO,NAGARJUN SGR  TPD,0,4,0
REG1,`Apr-15,NORTHERN,DELHI,STATE,THERMAL,GAS,IPGPCL,PRAGATI CCGT-III,"1,500",163,211
REG1,`Apr-15,NORTHERN,HIMACHAL PRADESH,CENTRAL,HYDRO,HYDRO,SJVNL,RAMPUR HPS,412,80,122
REG1,`Apr-15,NORTHERN,UTTARAKHAND,PRIVATE IPP,HYDRO,HYDRO,AHPC (GVK),SRINAGAR HPS,165,0,0
REG5,`Apr-15,NORTH EASTERN,TRIPURA,CENTRAL,THERMAL,GAS,ONGC,TRIPURA CCPP,727,197,240
REG2,`Apr-15,WESTERN,CHHATTISGARH,PRIVATE IPP,THERMAL,COAL,JPL,TAMNAR TPP,"2,400",427,297
REG3,`Apr-15,SOUTHERN,ANDHRA PRADESH,PRIVATE IPP,THERMAL,GAS,KONDAPALI,KONDAPALLI ST-3 CCPP,0,0,0
REG1,`Apr-15,NORTHERN,UTTAR PRADESH,PRIVATE IPP,THERMAL,COAL,BEPL,KUNDARKI TPS,90,60,17
REG1,`Apr-15,NORTHERN,UTTAR PRADESH,PRIVATE IPP,THERMAL,COAL,BEPL,MAQSOODPUR TPS,90,60,12
REG1,`Apr-15,NORTHERN,HIMACHAL PRADESH,STATE,HYDRO,HYDRO,HPPCL,KASHANG-I,0,0,0
REG2,`Apr-15,WESTERN,CHHATTISGARH,PRIVATE IPP,THERMAL,COAL,VESPL,KATGHORA TPP,35,0,0
REG1,`Apr-15,NORTHERN,HIMACHAL PRADESH,CENTRAL,HYDRO,HYDRO,NHPC,PARBATI-III HPS,520,47,45
REG4,`Apr-15,EASTERN,ORISSA,PRIVATE IPP,THERMAL,COAL,GMR ENERG,KAMALANGA TPS,"1,050",469,528
REG1,`Apr-15,NORTHERN,UTTAR PRADESH,PRIVATE IPP,THERMAL,COAL,BEPL,BARKHERA TPS,90,60,12
REG2,`Apr-15,WESTERN,MADHYA PRADESH,STATE,HYDRO,HYDRO,MPPGCL,BANSAGAR TONS-1  HPS,315,81,85
REG2,`Apr-15,WESTERN,MADHYA PRADESH,CENTRAL,THERMAL,COAL,NTPC Ltd.,VINDHYACHAL STPS,"4,260","2,625","2,698"
REG1,`Apr-15,NORTHERN,HIMACHAL PRADESH,PRIVATE IPP,HYDRO,HYDRO,JHPL,BASPA  HPS,300,47,50
REG1,`Apr-15,NORTHERN,RAJASTHAN,STATE,THERMAL,GAS,RRVUNL,DHOLPUR CCPP,330,78,51
REG2,`Apr-15,WESTERN,MAHARASHTRA,STATE,THERMAL,COAL,MAHAGENCO,KORADI TPS,"1,700",230,182
REG3,`Apr-15,SOUTHERN,TAMIL NADU,STATE,HYDRO,HYDRO,TNGDCL,KUNDAH  HPS.,555,130,165
REG3,`Apr-15,SOUTHERN,KARNATAKA,PRIVATE IPP,THERMAL,DIESEL,BELLARY,BELLARY DG,25,0,0
REG1,`Apr-15,NORTHERN,UTTAR PRADESH,CENTRAL,NUCLEAR,NUCLEAR,NPCIL,NARORA  A.P.S.,440,244,288
REG3,`Apr-15,SOUTHERN,TELANGANA,STATE,HYDRO,HYDRO,TSGENCO,NAGARJUN SGR  LBC  HPS,60,1,0
REG3,`Apr-15,SOUTHERN,KARNATAKA,CENTRAL,NUCLEAR,NUCLEAR,NPCIL,KAIGA,880,408,630
REG1,`Apr-15,NORTHERN,HIMACHAL PRADESH,CENTRAL,HYDRO,HYDRO,NHPC,BAIRA SIUL  HPS,180,92,103
REG5,`Apr-15,NORTH EASTERN,NAGALAND,CENTRAL,HYDRO,HYDRO,NEEPCO.,DOYANG  HPS.,75,5,3
REG4,`Apr-15,EASTERN,ORISSA,STATE,HYDRO,HYDRO,OHPC,HIRAKUD HPS,348,90,36
REG4,`Apr-15,EASTERN,ORISSA,STATE,THERMAL,COAL,OPGC,IB VALLEY TPS,420,270,278
REG1,`Apr-15,NORTHERN,DELHI,STATE,THERMAL,GAS,IPGPCL,PRAGATI CCPP,330,207,146
REG2,`Apr-15,WESTERN,GUJARAT,STATE,HYDRO,HYDRO,SSNNL,S SAROVAR RBPH  HPS,"1,200",107,94
REG3,`Apr-15,SOUTHERN,TAMIL NADU,PRIVATE IPP,THERMAL,DIESEL,MADURAI P,SAMAYANALLUR DG,106,8,0
REG2,`Apr-15,WESTERN,GUJARAT,PRIVATE IPP,THERMAL,GAS,GIPCL,BARODA CCPP,160,3,0
REG2,`Apr-15,WESTERN,MADHYA PRADESH,STATE,THERMAL,COAL,MPPGCL,SATPURA TPS,"1,330",593,425
REG3,`Apr-15,SOUTHERN,ANDHRA PRADESH,CENTRAL,THERMAL,COAL,NTPC Ltd.,SIMHADRI,"2,000","1,252","1,242"
REG3,`Apr-15,SOUTHERN,ANDHRA PRADESH,PRIVATE IPP,THERMAL,GAS,GMR ENERG,GMR Energy Ltd - Kakinada,220,0,0
REG3,`Apr-15,SOUTHERN,ANDHRA PRADESH,PRIVATE IPP,THERMAL,GAS,SPGL,GODAVARI CCPP,208,70,37
REG3,`Apr-15,SOUTHERN,ANDHRA PRADESH,PRIVATE IPP,THERMAL,GAS,KONDAPALI,KONDAPALLI  EXTN CCPP .,366,42,0
REG1,`Apr-15,NORTHERN,HIMACHAL PRADESH,STATE,HYDRO,HYDRO,HPSEB,GIRI BATA HPS,60,4,22
REG1,`Apr-15,NORTHERN,JAMMU AND KASHMIR,CENTRAL,HYDRO,HYDRO,NHPC,URI-I HPS,480,280,342
REG3,`Apr-15,SOUTHERN,TAMIL NADU,STATE,HYDRO,HYDRO,TNGDCL,PARSON`S VALLEY  HPS.,30,3,2
REG5,`Apr-15,NORTH EASTERN,MEGHALAYA,CENTRAL,HYDRO,HYDRO,NEEPCO.,KHONDONG  HPS.,50,4,4
REG2,`Apr-15,WESTERN,CHHATTISGARH,PRIVATE IPP,THERMAL,COAL,LANCO,PATHADI TPP,600,199,146
REG1,`Apr-15,NORTHERN,UTTARAKHAND,CENTRAL,HYDRO,HYDRO,THDC,KOTESHWAR HPS,400,102,93
REG4,`Apr-15,EASTERN,SIKKIM,PRIVATE IPP,HYDRO,HYDRO,GIL,CHUZACHEN HPS,99,15,14
REG4,`Apr-15,EASTERN,ORISSA,PRIVATE IPP,THERMAL,COAL,SEL,STERLITE TPP,"2,400",688,751
REG3,`Apr-15,SOUTHERN,KARNATAKA,PRIVATE IPP,THERMAL,COAL,UPCL,UDUPI TPP,"1,200",579,755
REG1,`Apr-15,NORTHERN,JAMMU AND KASHMIR,STATE,HYDRO,HYDRO,JKSPDC,BAGLIHAR  HPS,450,260,323
REG1,`Apr-15,NORTHERN,HIMACHAL PRADESH,PRIVATE IPP,HYDRO,HYDRO,JKHCL,KARCHAM WANGTOO HPS,"1,000",229,225
REG4,`Apr-15,EASTERN,SIKKIM,PRIVATE IPP,HYDRO,HYDRO,TUL,TEESTA-III HPS,0,0,0
REG3,`Apr-15,SOUTHERN,ANDHRA PRADESH,PRIVATE IPP,THERMAL,COAL,TPCIL,PAINAMPURAM TPP,660,374,65
REG4,`Apr-15,EASTERN,JHARKHAND,PRIVATE IPP,THERMAL,COAL,CPL,MAITRISHI USHA TPS,0,0,0
REG3,`Apr-15,SOUTHERN,ANDHRA PRADESH,STATE,HYDRO,HYDRO,APGENCO,NAGARJUN SGR RBC EXTN. HPS,0,0,0
REG3,`Apr-15,SOUTHERN,ANDHRA PRADESH,STATE,HYDRO,HYDRO,APGENCO,LOWER JURALA HPS,0,0,0
REG2,`Apr-15,WESTERN,CHHATTISGARH,PRIVATE IPP,THERMAL,COAL,SCPL,RATIJA TPS,50,25,20
REG2,`Apr-15,WESTERN,MAHARASHTRA,PRIVATE IPP,THERMAL,COAL,GEPL,GEPL TPP Ph-I,120,0,0
REG3,`Apr-15,SOUTHERN,KARNATAKA,STATE,THERMAL,COAL,KPCL,YERMARUS TPP,0,0,0
REG5,`Apr-15,NORTH EASTERN,TRIPURA,STATE,THERMAL,GAS,TSECL,BARAMURA GT,59,20,20
REG3,`Apr-15,SOUTHERN,TAMIL NADU,STATE,THERMAL,NAPTHA,TNGDCL,BASIN BRIDGE GT (Liq.),120,0,0
REG4,`Apr-15,EASTERN,WEST BENGAL,STATE,HYDRO,HYDRO,WBSEDCL,RAMMAM  HPS.,50,9,12
REG5,`Apr-15,NORTH EASTERN,ARUNACHAL PRADESH,CENTRAL,HYDRO,HYDRO,NEEPCO.,RANGANADI  HPS.,405,55,74
REG1,`Apr-15,NORTHERN,UTTARAKHAND,STATE,HYDRO,HYDRO,UJVNL,CHIBRO (YAMUNA)  HPS,240,48,83
REG1,`Apr-15,NORTHERN,UTTARAKHAND,CENTRAL,HYDRO,HYDRO,NHPC,DHAULI GANGA  HPS,280,55,67
REG2,`Apr-15,WESTERN,GUJARAT,STATE,THERMAL,GAS,GSECL,DHUVARAN CCPP,595,6,23
REG4,`Apr-15,EASTERN,ORISSA,STATE,HYDRO,HYDRO,OHPC,MACHKUND  HPS,115,43,22
REG1,`Apr-15,NORTHERN,UTTAR PRADESH,STATE,THERMAL,COAL,UPRVUNL,PARICHHA TPS,"1,140",605,531
REG1,`Apr-15,NORTHERN,UTTARAKHAND,STATE,HYDRO,HYDRO,UJVNL,KHATIMA  HPS,41,10,5
REG1,`Apr-15,NORTHERN,UTTARAKHAND,STATE,HYDRO,HYDRO,UJVNL,RAMGANGA  HPS,198,21,0
REG3,`Apr-15,SOUTHERN,KARNATAKA,STATE,HYDRO,HYDRO,KPCL,KODASALI  HPS,120,39,20
REG4,`Apr-15,EASTERN,WEST BENGAL,STATE,THERMAL,COAL,WBPDC,KOLAGHAT TPS,"1,260",615,491
REG2,`Apr-15,WESTERN,MAHARASHTRA,STATE,HYDRO,HYDRO,MAHAGENCO,KOYNA-II  HPS,320,0,86
REG2,`Apr-15,WESTERN,MAHARASHTRA,STATE,HYDRO,HYDRO,MAHAGENCO,KOYNA-IV  HPS,"1,000",236,288
REG3,`Apr-15,SOUTHERN,KERALA,STATE,HYDRO,HYDRO,KSEB,KUTTIYADI  HPS.,125,33,37
REG4,`Apr-15,EASTERN,BIHAR,CENTRAL,THERMAL,COAL,NTPC Ltd.,KAHALGAON TPS,"2,340","1,173","1,212"
REG5,`Apr-15,NORTH EASTERN,ASSAM,STATE,THERMAL,GAS,APGPCL,LAKWA GT,157,69,76
REG3,`Apr-15,SOUTHERN,KARNATAKA,STATE,HYDRO,HYDRO,KPCL,ALMATTI DPH  HPS,290,2,0
REG1,`Apr-15,NORTHERN,HIMACHAL PRADESH,CENTRAL,HYDRO,HYDRO,NHPC,CHAMERA- I  HPS,540,205,351
REG3,`Apr-15,SOUTHERN,KARNATAKA,PRIVATE IPP,THERMAL,COAL,JSWEL,TORANGALLU TPS(SBU-I),260,175,182
REG2,`Apr-15,WESTERN,GUJARAT,PRIVATE,THERMAL,COAL,TOR. POW. (UNOSUGEN),SABARMATI (D-F STATIONS),340,279,228
REG3,`Apr-15,SOUTHERN,ANDHRA PRADESH,PRIVATE IPP,THERMAL,GAS,VEMAGIRI,VEMAGIRI CCPP,370,0,151
REG3,`Apr-15,SOUTHERN,TAMIL NADU,STATE,HYDRO,HYDRO,TNGDCL,BHAWANI KATTAL,30,1,3
REG3,`Apr-15,SOUTHERN,TAMIL NADU,STATE,HYDRO,HYDRO,TNGDCL,PERIYAR  HPS.,140,0,0
REG3,`Apr-15,SOUTHERN,KERALA,STATE,HYDRO,HYDRO,KSEB,PORINGALKUTTU  HPS.,32,6,8
REG3,`Apr-15,SOUTHERN,KARNATAKA,STATE,THERMAL,COAL,KPCL,RAICHUR TPS,"1,720",999,"1,139"
REG2,`Apr-15,WESTERN,MADHYA PRADESH,STATE,THERMAL,COAL,MPPGCL,SANJAY GANDHI TPS,"1,340",712,497
REG3,`Apr-15,SOUTHERN,KARNATAKA,STATE,HYDRO,HYDRO,KPCL,T B   DAM  HPS,36,0,1
REG5,`Apr-15,NORTH EASTERN,ASSAM,STATE,THERMAL,MULTI FUEL,APGPCL,CHANDRAPUR(ASSAM) TPS,60,0,0
REG3,`Apr-15,SOUTHERN,TAMIL NADU,STATE,HYDRO,HYDRO,TNGDCL,METTUR TUNNEL  HPS.,200,3,3
REG2,`Apr-15,WESTERN,MAHARASHTRA,CENTRAL,THERMAL,GAS,RGPPL,RATNAGIRI CCPP II,740,0,0
REG3,`Apr-15,SOUTHERN,TAMIL NADU,STATE,HYDRO,HYDRO,TNGDCL,SARKARPATHY  HPS.,30,0,8
REG3,`Apr-15,SOUTHERN,KARNATAKA,STATE,HYDRO,HYDRO,KPCL,SHARAVATHI  HPS,"1,035",548,481
REG2,`Apr-15,WESTERN,GUJARAT,STATE,THERMAL,COAL,GSECL,SIKKA REP. TPS,490,58,94
REG4,`Apr-15,EASTERN,WEST BENGAL,PRIVATE,THERMAL,COAL,CESC,SOUTHERN REPL. TPS,135,81,40
REG1,`Apr-15,NORTHERN,RAJASTHAN,STATE,THERMAL,COAL,RRVUNL,SURATGARH TPS,"1,500",796,339
REG1,`Apr-15,NORTHERN,UTTAR PRADESH,CENTRAL,THERMAL,COAL,NTPC Ltd.,TANDA TPS,440,226,279
REG3,`Apr-15,SOUTHERN,TAMIL NADU,STATE,THERMAL,COAL,TNGDCL,METTUR TPS,"1,440",867,883
REG3,`Apr-15,SOUTHERN,TAMIL NADU,STATE,HYDRO,HYDRO,TNGDCL,METTUR DAM  HPS.,50,3,9
REG3,`Apr-15,SOUTHERN,TAMIL NADU,STATE,HYDRO,HYDRO,TNGDCL,MOYAR  HPS,36,12,14
REG1,`Apr-15,NORTHERN,UTTAR PRADESH,STATE,HYDRO,HYDRO,UPJVNL,KHARA  HPS,72,22,40
REG2,`Apr-15,WESTERN,GUJARAT,PRIVATE IPP,THERMAL,GAS,GPE CORP,PEGUTHAN CCPP,655,25,7
REG2,`Apr-15,WESTERN,GOA,PRIVATE IPP,THERMAL,NAPTHA,RELIANCE,GOA CCPP (Liq.),48,0,0
REG2,`Apr-15,WESTERN,MAHARASHTRA,STATE,HYDRO,HYDRO,MAHAGENCO,KOYNA DPH  HPS,36,10,15
REG1,`Apr-15,NORTHERN,PUNJAB,STATE,THERMAL,COAL,PSPCL,GND TPS(BHATINDA),440,161,29
REG3,`Apr-15,SOUTHERN,TELANGANA,STATE,HYDRO,HYDRO,TSGENCO,POCHAMPAD  HPS,27,2,0
REG1,`Apr-15,NORTHERN,DELHI,PRIVATE IPP,THERMAL,GAS,NDPL,RITHALA CCPP,108,0,0
REG2,`Apr-15,WESTERN,MAHARASHTRA,STATE,HYDRO,HYDRO,MAHAGENCO,VAITARNA  HPS,60,25,29
REG3,`Apr-15,SOUTHERN,KARNATAKA,STATE,HYDRO,HYDRO,KPCL,GHAT PRABHA  HPS,32,1,5
REG2,`Apr-15,WESTERN,MADHYA PRADESH,STATE,HYDRO,HYDRO,MPPGCL,MADHIKHERA  HPS,60,0,0
REG3,`Apr-15,SOUTHERN,TELANGANA,STATE,THERMAL,COAL,TSGENCO,KOTHAGUDEM TPS (NEW),"1,000",647,567
REG1,`Apr-15,NORTHERN,JAMMU AND KASHMIR,CENTRAL,HYDRO,HYDRO,NHPC,URI-II HPS,240,120,0
REG2,`Apr-15,WESTERN,MAHARASHTRA,PRIVATE IPP,THERMAL,COAL,WPCL,WARDHA WARORA TPP,540,112,163
REG3,`Apr-15,SOUTHERN,ANDHRA PRADESH,PRIVATE IPP,THERMAL,COAL,HNPC,VIZAG TPP,0,0,0
REG4,`Apr-15,EASTERN,BIHAR,CENTRAL,THERMAL,COAL,NTPC Ltd.,BARH II,"1,320",230,150
REG2,`Apr-15,WESTERN,MAHARASHTRA,PRIVATE IPP,THERMAL,COAL,AMNEPL,MIHAN TPS,246,0,0
REG3,`Apr-15,SOUTHERN,ANDHRA PRADESH,STATE,HYDRO,HYDRO,APGENCO,PULICHINTALA HPS,0,0,0
REG1,`Apr-15,NORTHERN,UTTAR PRADESH,PRIVATE IPP,THERMAL,COAL,BEPL,UTRAULA TPS,90,60,18
REG2,`Apr-15,WESTERN,CHHATTISGARH,PRIVATE IPP,THERMAL,COAL,KWPCL,AVANTHA BHANDAR,600,82,0
REG2,`Apr-15,WESTERN,CHHATTISGARH,PRIVATE IPP,THERMAL,COAL,GCEL,RAIKHEDA TPP,685,0,21
REG2,`Apr-15,WESTERN,MAHARASHTRA,PRIVATE IPP,THERMAL,COAL,EEL,EMCO WARORA TPS,600,334,306
REG4,`Apr-15,EASTERN,WEST BENGAL,STATE,THERMAL,COAL,WBPDC,BAKRESWAR TPS,"1,050",636,628
REG4,`Apr-15,EASTERN,ORISSA,STATE,HYDRO,HYDRO,OHPC,BALIMELA  HPS.,510,86,47
REG4,`Apr-15,EASTERN,WEST BENGAL,STATE,THERMAL,COAL,WBPDC,BANDEL TPS,450,136,80
REG1,`Apr-15,NORTHERN,HIMACHAL PRADESH,STATE,HYDRO,HYDRO,HPSEB,BASSI  HPS,60,26,24
REG4,`Apr-15,EASTERN,SIKKIM,CENTRAL,HYDRO,HYDRO,NHPC,RANGIT HPS,60,17,19
REG1,`Apr-15,NORTHERN,UTTARAKHAND,STATE,HYDRO,HYDRO,UJVNL,DHALIPUR  HPS,51,13,22
REG3,`Apr-15,SOUTHERN,TAMIL NADU,STATE,HYDRO,HYDRO,TNGDCL,LOWER METTUR  HPS.,120,5,7
REG1,`Apr-15,NORTHERN,RAJASTHAN,STATE,HYDRO,HYDRO,RRVUNL,MAHI BAJAJ  HPS,140,12,6
REG1,`Apr-15,NORTHERN,UTTARAKHAND,STATE,HYDRO,HYDRO,UJVNL,KHODRI  HPS,120,23,39
REG2,`Apr-15,WESTERN,MAHARASHTRA,PRIVATE,HYDRO,HYDRO,TATA MAH.,KHOPOLI  HPS,72,25,36
REG3,`Apr-15,SOUTHERN,TAMIL NADU,STATE,THERMAL,GAS,TNGDCL,KOVIKALPAL CCPP,107,31,18
REG3,`Apr-15,SOUTHERN,KERALA,STATE,HYDRO,HYDRO,KSEB,IDAMALAYAR  HPS.,75,33,37
REG3,`Apr-15,SOUTHERN,TAMIL NADU,STATE,THERMAL,GAS,TNGDCL,KUTTALAM CCPP,100,40,59
REG3,`Apr-15,SOUTHERN,KARNATAKA,PRIVATE IPP,THERMAL,DIESEL,TATA PCL,BELGAUM DG,114,0,0
REG3,`Apr-15,SOUTHERN,KARNATAKA,STATE,HYDRO,HYDRO,KPCL,BHADRA  HPS,39,4,4
REG4,`Apr-15,EASTERN,ORISSA,PRIVATE IPP,THERMAL,COAL,NALCO,NALCO IMP,0,21,21
REG3,`Apr-15,SOUTHERN,TAMIL NADU,CENTRAL,THERMAL,LIGNITE,NLC,NEYVELI TPS- I,600,349,354
REG2,`Apr-15,WESTERN,MADHYA PRADESH,CENTRAL,HYDRO,HYDRO,NHDC,INDIRA SAGAR  HPS,"1,000",190,170
REG1,`Apr-15,NORTHERN,RAJASTHAN,STATE,HYDRO,HYDRO,RRVUNL,JAWAHAR SAGAR  HPS,99,0,0
REG5,`Apr-15,NORTH EASTERN,TRIPURA,CENTRAL,THERMAL,GAS,NEEPCO.,AGARTALA GT,110,52,49
REG1,`Apr-15,NORTHERN,UTTAR PRADESH,CENTRAL,THERMAL,GAS,NTPC Ltd.,AURAIYA CCPP,663,158,123
REG2,`Apr-15,WESTERN,GUJARAT,STATE,THERMAL,COAL,GSECL,GANDHI NAGAR TPS,870,304,308
REG2,`Apr-15,WESTERN,GUJARAT,PRIVATE,THERMAL,COAL,TOR. POW. (UNOSUGEN),SABARMATI (C STATION),60,35,18
REG2,`Apr-15,WESTERN,MAHARASHTRA,PRIVATE,THERMAL,GAS,TATA PCL,TROMBAY CCPP,180,92,85
REG3,`Apr-15,SOUTHERN,ANDHRA PRADESH,PRIVATE IPP,THERMAL,GAS,APGCL,VIJESWARAN CCPP,272,41,78
REG3,`Apr-15,SOUTHERN,TELANGANA,STATE,HYDRO,HYDRO,TSGENCO,PRIYADARSHNI  JURALA  HPS,234,0,0
REG3,`Apr-15,SOUTHERN,TAMIL NADU,STATE,HYDRO,HYDRO,TNGDCL,PYKARA  HPS.,59,6,3
REG3,`Apr-15,SOUTHERN,TAMIL NADU,STATE,HYDRO,HYDRO,TNGDCL,PYKARA ULTMATE  HPS.,150,30,35
REG1,`Apr-15,NORTHERN,RAJASTHAN,CENTRAL,NUCLEAR,NUCLEAR,NPCIL,RAJASTHAN  A.P.S.,"1,080",651,643
REG2,`Apr-15,WESTERN,GUJARAT,STATE,HYDRO,HYDRO,SSNNL,S SAROVAR CHPH  HPS,250,41,36
REG1,`Apr-15,NORTHERN,HIMACHAL PRADESH,STATE,HYDRO,HYDRO,HPSEB,SANJAY  HPS,120,0,0
REG1,`Apr-15,NORTHERN,UTTAR PRADESH,CENTRAL,THERMAL,COAL,NTPC Ltd.,SINGRAULI STPS,"2,000","1,203","1,289"
REG4,`Apr-15,EASTERN,WEST BENGAL,STATE,THERMAL,HIGH SPEED DIESEL,WBPDC,HALDIA GT (Liq.),40,0,0
REG3,`Apr-15,SOUTHERN,KARNATAKA,STATE,HYDRO,HYDRO,KPCL,SIVASAMUNDRUM  HPS,42,19,15
REG3,`Apr-15,SOUTHERN,PUDUCHERRY,STATE,THERMAL,GAS,"P&ED, Pudu.",KARAIKAL CCPP,33,0,0
REG4,`Apr-15,EASTERN,WEST BENGAL,STATE,THERMAL,HIGH SPEED DIESEL,WBPDC,KASBA GT (Liq.),40,0,0
REG2,`Apr-15,WESTERN,GUJARAT,CENTRAL,THERMAL,GAS,NTPC Ltd.,KAWAS CCPP,656,134,187
REG1,`Apr-15,NORTHERN,UTTAR PRADESH,CENTRAL,THERMAL,COAL,NTPC Ltd.,UNCHAHAR TPS,"1,050",562,455
REG3,`Apr-15,SOUTHERN,KARNATAKA,STATE,HYDRO,HYDRO,KPCL,VARAHI  HPS,460,85,79
REG3,`Apr-15,SOUTHERN,KARNATAKA,STATE,HYDRO,HYDRO,KPCL,GERUSUPPA  HPS,240,57,43
REG2,`Apr-15,WESTERN,GUJARAT,STATE,THERMAL,GAS,GSECL,UTRAN CCPP,518,0,14
REG1,`Apr-15,NORTHERN,RAJASTHAN,STATE,THERMAL,LIGNITE,RRVUNL,GIRAL TPS,250,36,68
REG3,`Apr-15,SOUTHERN,ANDHRA PRADESH,STATE,HYDRO,HYDRO,APGENCO,UPPER SILERU  HPS,240,37,14
REG3,`Apr-15,SOUTHERN,TELANGANA,STATE,THERMAL,COAL,TSGENCO,RAMAGUNDEM - B TPS,63,30,1
REG3,`Apr-15,SOUTHERN,KARNATAKA,STATE,HYDRO,HYDRO,KPCL,MUNIRABAD  HPS,28,0,0
REG3,`Apr-15,SOUTHERN,KERALA,STATE,HYDRO,HYDRO,KSEB,PANNIAR  HPS.,30,7,12
REG3,`Apr-15,SOUTHERN,TELANGANA,STATE,THERMAL,COAL,TSGENCO,KAKATIYA TPS,500,324,302
REG2,`Apr-15,WESTERN,MAHARASHTRA,STATE,HYDRO,HYDRO,MAHAGENCO,TILLARI  HPS,60,10,11
REG1,`Apr-15,NORTHERN,HARYANA,STATE,THERMAL,COAL,HPGCL,RAJIV GANDHI TPS,"1,200",367,2
REG3,`Apr-15,SOUTHERN,KARNATAKA,STATE,THERMAL,COAL,KPCL,BELLARY TPS,"1,000",531,401
REG1,`Apr-15,NORTHERN,HIMACHAL PRADESH,CENTRAL,HYDRO,HYDRO,NHPC,CHAMERA-III HPS,231,73,122
REG3,`Apr-15,SOUTHERN,TAMIL NADU,CENTRAL,NUCLEAR,NUCLEAR,NPCIL,KUDANKULAM,"1,000",638,696
REG5,`Apr-15,NORTH EASTERN,MEGHALAYA,STATE,HYDRO,HYDRO,MeECL,NEW UMTRU,0,0,0
REG2,`Apr-15,WESTERN,CHHATTISGARH,PRIVATE IPP,THERMAL,COAL,DBPCL,BARADARHA TPS,"1,260",25,2
REG2,`Apr-15,WESTERN,CHHATTISGARH,PRIVATE IPP,THERMAL,COAL,MCCPL,BANDAKHAR TPP,0,0,0
REG2,`Apr-15,WESTERN,CHHATTISGARH,PRIVATE IPP,THERMAL,COAL,TRNE,TRN ENERGY TPP,0,0,0
REG2,`Apr-15,WESTERN,CHHATTISGARH,PRIVATE IPP,THERMAL,COAL,BALCO,BALCO TPS,0,0,0
REG2,`Apr-15,WESTERN,CHHATTISGARH,PRIVATE IPP,THERMAL,COAL,VVL,SALORA TPP,135,12,0
REG3,`Apr-15,SOUTHERN,ANDHRA PRADESH,PRIVATE IPP,THERMAL,COAL,MEL,THAMMINAPATNAM TPS,300,153,148
REG1,`Apr-15,NORTHERN,JAMMU AND KASHMIR,STATE,HYDRO,HYDRO,JKSPDC,BAGLIHAR II  HPS,0,0,0
REG1,`Apr-15,NORTHERN,HIMACHAL PRADESH,PRIVATE IPP,HYDRO,HYDRO,HSPCL,SORANG HPS,0,0,0
REG2,`Apr-15,WESTERN,GUJARAT,PRIVATE IPP,THERMAL,COAL,EPGL,SALAYA TPP,"1,200",434,361
REG2,`Apr-15,WESTERN,GUJARAT,PRIVATE IPP,THERMAL,GAS,TOR. POW. (UNOSUGEN),UNOSUGEN CCPP,383,0,0
REG2,`Apr-15,WESTERN,MADHYA PRADESH,PRIVATE IPP,THERMAL,COAL,ESSARPMPL,MAHAN TPP,600,75,0
REG2,`Apr-15,WESTERN,MAHARASHTRA,PRIVATE IPP,THERMAL,COAL,DIPL,DHARIWAL TPP,600,63,0
REG3,`Apr-15,SOUTHERN,TAMIL NADU,PRIVATE IPP,THERMAL,COAL,IBPIL,TUTICORIN (P) TPP,300,136,211
REG4,`Apr-15,EASTERN,WEST BENGAL,CENTRAL,HYDRO,HYDRO,NHPC,TEESTA LOW DAM-IV HPS,0,0,0
REG4,`Apr-15,EASTERN,BIHAR,STATE,THERMAL,COAL,BSEB,BARAUNI TPS,210,0,0
REG4,`Apr-15,EASTERN,WEST BENGAL,PRIVATE IPP,THERMAL,COAL,DPSCLTD,CHINAKURI TPS,30,0,0
REG1,`Apr-15,NORTHERN,HIMACHAL PRADESH,PRIVATE IPP,HYDRO,HYDRO,MPCL,MALANA  HPS,86,16,23
REG3,`Apr-15,SOUTHERN,TAMIL NADU,STATE,HYDRO,HYDRO,TNGDCL,KODAYAR  HPS.,100,5,23
REG3,`Apr-15,SOUTHERN,KERALA,STATE,THERMAL,DIESEL,KSEB,KOZHIKODE DG,128,42,20
REG2,`Apr-15,WESTERN,CHHATTISGARH,STATE,THERMAL,COAL,CSPGCL,DSPM TPS,500,332,341
REG2,`Apr-15,WESTERN,CHHATTISGARH,CENTRAL,THERMAL,COAL,NTPC Ltd.,KORBA STPS,"2,600","1,599","1,509"
REG2,`Apr-15,WESTERN,CHHATTISGARH,STATE,THERMAL,COAL,CSPGCL,KORBA-WEST TPS,"1,340",854,781
REG4,`Apr-15,EASTERN,ORISSA,PRIVATE IPP,THERMAL,COAL,ICCL,ICCL IMP,0,24,36
REG4,`Apr-15,EASTERN,WEST BENGAL,PRIVATE,THERMAL,COAL,CESC,NEW COSSIPORE TPS,160,0,0
REG1,`Apr-15,NORTHERN,UTTAR PRADESH,STATE,THERMAL,COAL,UPRVUNL,ANPARA TPS,"1,630","1,011",971
REG3,`Apr-15,SOUTHERN,TAMIL NADU,PRIVATE IPP,THERMAL,DIESEL,VASAVI,B. BRIDGE D.G,200,12,0
REG1,`Apr-15,NORTHERN,DELHI,CENTRAL,THERMAL,COAL,NTPC Ltd.,BADARPUR TPS,705,242,165
REG3,`Apr-15,SOUTHERN,KARNATAKA,STATE,THERMAL,DIESEL,KPCL,YELHANKA (DG),128,0,0
REG3,`Apr-15,SOUTHERN,KERALA,STATE,THERMAL,DIESEL,KSEB,BRAMHAPURAM DG,107,0,3
REG2,`Apr-15,WESTERN,MAHARASHTRA,STATE,THERMAL,COAL,MAHAGENCO,CHANDRAPUR(MAHARASHTRA) STPS,"2,840","1,282","1,171"
REG2,`Apr-15,WESTERN,GUJARAT,PRIVATE,THERMAL,GAS,TOR. POW. (UNOSUGEN),VATWA CCPP,0,0,0
REG1,`Apr-15,NORTHERN,JAMMU AND KASHMIR,CENTRAL,HYDRO,HYDRO,NHPC,DULHASTI  HPS,390,190,234
REG4,`Apr-15,EASTERN,WEST BENGAL,PRIVATE,THERMAL,COAL,CESC,BUDGE BUDGE TPS,750,520,525
REG2,`Apr-15,WESTERN,MAHARASHTRA,CENTRAL,NUCLEAR,NUCLEAR,NPCIL,TARAPUR,"1,400",741,795
REG3,`Apr-15,SOUTHERN,KERALA,STATE,HYDRO,HYDRO,KSEB,PALLIVASAL  HPS.,38,17,18
REG1,`Apr-15,NORTHERN,UTTAR PRADESH,CENTRAL,THERMAL,COAL,NTPC Ltd.,RIHAND STPS,"3,000","1,452","1,628"
REG1,`Apr-15,NORTHERN,PUNJAB,STATE,THERMAL,COAL,PSPCL,GH TPS (LEH.MOH.),920,362,231
REG2,`Apr-15,WESTERN,GUJARAT,PRIVATE IPP,THERMAL,LIGNITE,GIPCL,SURAT LIG. TPS,500,304,346
REG1,`Apr-15,NORTHERN,UTTAR PRADESH,STATE,HYDRO,HYDRO,UPJVNL,MATATILA  HPS,31,0,0
REG3,`Apr-15,SOUTHERN,TAMIL NADU,PRIVATE IPP,THERMAL,GAS,ABAN POWR,KARUPPUR CCPP,120,41,71
REG2,`Apr-15,WESTERN,MAHARASHTRA,STATE,THERMAL,COAL,MAHAGENCO,KHAPARKHEDA TPS,"1,340",782,596
REG1,`Apr-15,NORTHERN,UTTAR PRADESH,STATE,HYDRO,HYDRO,UPJVNL,OBRA  HPS,99,8,18
REG1,`Apr-15,NORTHERN,JAMMU AND KASHMIR,STATE,THERMAL,HIGH SPEED DIESEL,JKSPDC,PAMPORE GPS (Liq.),175,0,0
REG3,`Apr-15,SOUTHERN,KERALA,STATE,HYDRO,HYDRO,KSEB,KAKKAD  HPS.,50,21,22
REG1,`Apr-15,NORTHERN,JAMMU AND KASHMIR,STATE,HYDRO,HYDRO,JKSPDC,UPPER SINDH-II HPS,105,23,16
REG3,`Apr-15,SOUTHERN,TAMIL NADU,STATE,HYDRO,HYDRO,TNGDCL,SURULIYAR  HPS.,35,1,10
REG1,`Apr-15,NORTHERN,HIMACHAL PRADESH,PRIVATE IPP,HYDRO,HYDRO,ADHPL,ALLAIN DUHANGAN  HPS,192,31,40
REG1,`Apr-15,NORTHERN,RAJASTHAN,STATE,THERMAL,COAL,RRVUNL,CHHABRA TPP,"1,000",432,439
REG1,`Apr-15,NORTHERN,UTTARAKHAND,PRIVATE IPP,HYDRO,HYDRO,JPPVL,VISHNU PRAYAG  HPS,400,81,94
REG2,`Apr-15,WESTERN,MAHARASHTRA,PRIVATE IPP,THERMAL,COAL,JSWEL,JSW RATNAGIRI TPP,"1,200",596,669
REG4,`Apr-15,EASTERN,JHARKHAND,PRIVATE IPP,THERMAL,COAL,MPL,MAITHON RB TPP,"1,050",582,529
REG1,`Apr-15,NORTHERN,JAMMU AND KASHMIR,CENTRAL,HYDRO,HYDRO,NHPC,CHUTAK HPS,44,5,3
REG1,`Apr-15,NORTHERN,JAMMU AND KASHMIR,CENTRAL,HYDRO,HYDRO,NHPC,NIMBOO BAZDO HPS,45,6,7
REG3,`Apr-15,SOUTHERN,TAMIL NADU,STATE,HYDRO,HYDRO,TNGDCL,BHAWANI BARRAGE-II HPS,30,1,3
REG1,`Apr-15,NORTHERN,RAJASTHAN,STATE,THERMAL,COAL,RRVUNL,KALISINDH TPS,600,323,93
REG4,`Apr-15,EASTERN,ORISSA,PRIVATE IPP,THERMAL,COAL,IBPIL,IND BARATH TPP,0,0,0
REG2,`Apr-15,WESTERN,CHHATTISGARH,PRIVATE IPP,THERMAL,COAL,ACB,SWASTIK KORBA TPP,25,0,0
REG2,`Apr-15,WESTERN,MAHARASHTRA,PRIVATE IPP,THERMAL,COAL,APL,TIRORA TPS,"3,300","2,102","1,571"
REG1,`Apr-15,NORTHERN,UTTAR PRADESH,PRIVATE IPP,THERMAL,COAL,JPPVL,PRAYAGRAJ TPP,0,0,0
REG1,`Apr-15,NORTHERN,HARYANA,PRIVATE IPP,THERMAL,COAL,JhPL(HR),MAHATMA GANDHI TPS,"1,320",521,482
REG3,`Apr-15,SOUTHERN,ANDHRA PRADESH,PRIVATE IPP,THERMAL,COAL,SEPL,SIMHAPURI TPS,600,159,335
REG2,`Apr-15,WESTERN,MADHYA PRADESH,PRIVATE IPP,THERMAL,COAL,SPL,SASAN UMTPP,"3,960","1,696","2,198"
REG2,`Apr-15,WESTERN,MADHYA PRADESH,PRIVATE IPP,THERMAL,COAL,BLAPPL,NIWARI TPP,45,32,20
REG4,`Apr-15,EASTERN,ORISSA,PRIVATE IPP,THERMAL,COAL,JITPL,DERANG TPP,"1,200",165,395
REG1,`Apr-15,NORTHERN,HIMACHAL PRADESH,CENTRAL,HYDRO,HYDRO,NTPC Ltd.,KOLDAM,600,0,0
REG2,`Apr-15,WESTERN,CHHATTISGARH,PRIVATE IPP,THERMAL,COAL,ACB,KASAIPALLI TPP,270,174,162
REG2,`Apr-15,WESTERN,MADHYA PRADESH,STATE,HYDRO,HYDRO,MPPGCL,BANSAGAR TONS-II  HPS,30,8,0
REG3,`Apr-15,SOUTHERN,TELANGANA,STATE,HYDRO,HYDRO,TSGENCO,LOWER SILERU  HPS,460,98,113
REG3,`Apr-15,SOUTHERN,ANDHRA PRADESH,PRIVATE IPP,THERMAL,DIESEL,LVS POWER,LVS POWER DG,37,0,0
REG3,`Apr-15,SOUTHERN,ANDHRA PRADESH,PRIVATE IPP,THERMAL,GAS,KONA,KONASEEMA CCPP,445,0,0
REG2,`Apr-15,WESTERN,CHHATTISGARH,STATE,THERMAL,COAL,CSPGCL,KORBA-III,240,116,121
REG3,`Apr-15,SOUTHERN,KERALA,STATE,HYDRO,HYDRO,KSEB,IDUKKI  HPS.,780,234,217
REG2,`Apr-15,WESTERN,MAHARASHTRA,STATE,THERMAL,COAL,MAHAGENCO,NASIK TPS,630,318,379
REG3,`Apr-15,SOUTHERN,TAMIL NADU,STATE,THERMAL,COAL,TNGDCL,NORTH CHENNAI TPS,"1,830","1,112",970
REG3,`Apr-15,SOUTHERN,KARNATAKA,STATE,HYDRO,HYDRO,KPCL,JOG  HPS,139,16,30
REG4,`Apr-15,EASTERN,JHARKHAND,PRIVATE IPP,THERMAL,COAL,TATA PCL,JOJOBERA TPS,360,212,215
REG2,`Apr-15,WESTERN,GUJARAT,STATE,HYDRO,HYDRO,GSECL,KADANA  HPS,240,0,7
REG3,`Apr-15,SOUTHERN,KARNATAKA,STATE,HYDRO,HYDRO,KPCL,LIGANAMAKKI  HPS,55,18,18
REG2,`Apr-15,WESTERN,GUJARAT,STATE,THERMAL,LIGNITE,GMDCL,AKRIMOTA LIG TPS,250,132,136
REG4,`Apr-15,EASTERN,JHARKHAND,STATE,THERMAL,COAL,JSEB,PATRATU TPS,770,97,74
REG1,`Apr-15,NORTHERN,RAJASTHAN,STATE,HYDRO,HYDRO,RRVUNL,R P SAGAR  HPS,172,0,0
REG1,`Apr-15,NORTHERN,JAMMU AND KASHMIR,CENTRAL,HYDRO,HYDRO,NHPC,SALAL  HPS,690,274,422
REG2,`Apr-15,WESTERN,MAHARASHTRA,STATE,THERMAL,GAS,MAHAGENCO,URAN CCPP,672,288,172
REG3,`Apr-15,SOUTHERN,TAMIL NADU,STATE,HYDRO,HYDRO,TNGDCL,SHOLAYAR  HPS.,95,5,0
REG1,`Apr-15,NORTHERN,HARYANA,STATE,THERMAL,COAL,HPGCL,YAMUNA NAGAR TPS,600,230,208
REG4,`Apr-15,EASTERN,JHARKHAND,STATE,HYDRO,HYDRO,JSEB,SUBERNREKHA  HPS.,130,4,1
REG4,`Apr-15,EASTERN,ORISSA,CENTRAL,THERMAL,COAL,NTPC Ltd.,TALCHER (OLD) TPS,460,298,332
REG1,`Apr-15,NORTHERN,UTTARAKHAND,CENTRAL,HYDRO,HYDRO,NHPC,TANAKPUR  HPS,94,20,34
REG2,`Apr-15,WESTERN,GUJARAT,STATE,HYDRO,HYDRO,GSECL,UKAI  HPS,300,40,62
REG2,`Apr-15,WESTERN,GUJARAT,PRIVATE IPP,THERMAL,GAS,GIPCL,GIPCL. GT IMP,0,12,11
REG2,`Apr-15,WESTERN,MAHARASHTRA,CENTRAL,THERMAL,GAS,RGPPL,RATNAGIRI CCPP I,740,0,0
REG5,`Apr-15,NORTH EASTERN,TRIPURA,STATE,THERMAL,GAS,TSECL,ROKHIA GT,111,21,34
REG1,`Apr-15,NORTHERN,UTTAR PRADESH,STATE,THERMAL,COAL,UPRVUNL,PANKI TPS,210,45,80
REG1,`Apr-15,NORTHERN,UTTAR PRADESH,STATE,THERMAL,COAL,UPRVUNL,OBRA TPS,"1,278",365,349
REG2,`Apr-15,WESTERN,MAHARASHTRA,CENTRAL,THERMAL,GAS,RGPPL,RATNAGIRI CCPP III,740,0,0
REG3,`Apr-15,SOUTHERN,ANDHRA PRADESH,STATE,THERMAL,COAL,APGENCO,RAYALASEEMA TPS,"1,050",680,611
REG3,`Apr-15,SOUTHERN,KARNATAKA,STATE,HYDRO,HYDRO,KPCL,HAMPI  HPS,36,3,1
REG2,`Apr-15,WESTERN,GUJARAT,STATE,THERMAL,GAS,GSEGL,HAZIRA CCPP,156,15,15
REG5,`Apr-15,NORTH EASTERN,MEGHALAYA,STATE,HYDRO,HYDRO,MeECL,MYNTDU(LESHKA) St-1 HPS,126,8,18
REG5,`Apr-15,NORTH EASTERN,MEGHALAYA,STATE,HYDRO,HYDRO,MeECL,UMIAM  HPS ST-I,36,5,7
REG2,`Apr-15,WESTERN,MAHARASHTRA,PRIVATE,HYDRO,HYDRO,TATA MAH.,BHIRA PSS  HPS,150,0,42
REG3,`Apr-15,SOUTHERN,TAMIL NADU,PRIVATE IPP,THERMAL,LIGNITE,ST-CMSECP,NEYVELI TPS(Z),250,152,154
REG1,`Apr-15,NORTHERN,UTTAR PRADESH,PRIVATE IPP,THERMAL,COAL,RPSCL,ROSA TPP Ph-I,"1,200",803,654
REG1,`Apr-15,NORTHERN,HARYANA,CENTRAL,THERMAL,COAL,APCPL,INDIRA GANDHI STPP,"1,500",533,489
REG1,`Apr-15,NORTHERN,UTTAR PRADESH,PRIVATE IPP,THERMAL,COAL,LAPPL,ANPARA C TPS,"1,200",774,733
REG1,`Apr-15,NORTHERN,HIMACHAL PRADESH,STATE,HYDRO,HYDRO,HPSEB,UHL-III HPS,0,0,0
REG3,`Apr-15,SOUTHERN,TAMIL NADU,CENTRAL,THERMAL,COAL,NTECL,VALLUR TPP,"1,500",759,655
REG2,`Apr-15,WESTERN,MADHYA PRADESH,PRIVATE IPP,HYDRO,HYDRO,SMHPCL,MAHESHWAR HPS,0,0,0
REG3,`Apr-15,SOUTHERN,TAMIL NADU,STATE,HYDRO,HYDRO,TNGDCL,BHAWANI BARRAGE III HPS,30,0,3
REG1,`Apr-15,NORTHERN,HIMACHAL PRADESH,PRIVATE IPP,HYDRO,HYDRO,GBHPPL,BUDHIL HPS,70,10,26
REG1,`Apr-15,NORTHERN,PUNJAB,PRIVATE IPP,THERMAL,COAL,SEL,TALWANDI SABO TPP,660,258,123
REG2,`Apr-15,WESTERN,CHHATTISGARH,PRIVATE IPP,THERMAL,COAL,RKMPPL,UCHPINDA TPP,0,0,0
REG3,`Apr-15,SOUTHERN,ANDHRA PRADESH,STATE,THERMAL,COAL,APGENCO,DAMODARAM SANJEEVAIAH TPS,"1,600",288,164
REG3,`Apr-15,SOUTHERN,TAMIL NADU,CENTRAL,THERMAL,COAL,NTPL,TUTICORIN (JV) TPP,500,174,104
REG2,`Apr-15,WESTERN,MAHARASHTRA,PRIVATE IPP,THERMAL,COAL,VIP,BUTIBORI TPP,600,320,368
REG2,`Apr-15,WESTERN,MADHYA PRADESH,PRIVATE IPP,THERMAL,COAL,MBPMPL,ANUPPUR TPP,600,0,26
REG3,`Apr-15,SOUTHERN,ANDHRA PRADESH,STATE,THERMAL,COAL,SCCL,SINGARENI TPP,0,0,0
REG2,`Apr-15,WESTERN,GUJARAT,PRIVATE IPP,THERMAL,COAL,CGPL,MUNDRA UMTPP,"4,000","2,234","2,159"
REG1,`Apr-15,NORTHERN,RAJASTHAN,PRIVATE IPP,THERMAL,COAL,APL,KAWAI TPS,"1,320",901,778
REG2,`Apr-15,WESTERN,GUJARAT,PRIVATE IPP,THERMAL,GAS,TOR. POW. (UNOSUGEN),DGEN MEGA CCPP,"1,200",0,0
REG2,`Apr-15,WESTERN,CHHATTISGARH,PRIVATE IPP,THERMAL,COAL,SVPPL,SVPL TPP,63,0,0
REG2,`Apr-15,WESTERN,MAHARASHTRA,PRIVATE IPP,THERMAL,COAL,IEPL,BELA TPS,270,0,0
REG1,`Apr-15,NORTHERN,UTTAR PRADESH,PRIVATE IPP,THERMAL,COAL,LPGCL,LALITPUR TPS,0,0,0
REG5,`Apr-15,NORTH EASTERN,ASSAM,CENTRAL,THERMAL,COAL,NTPC Ltd.,BONGAIGAON TPP,0,0,0
REG1,`Apr-15,NORTHERN,UTTAR PRADESH,CENTRAL,THERMAL,GAS,NTPC Ltd.,DADRI CCPP,830,190,218
REG1,`Apr-15,NORTHERN,UTTARAKHAND,STATE,HYDRO,HYDRO,UJVNL,DHAKRANI  HPS,34,9,15
REG3,`Apr-15,SOUTHERN,KERALA,STATE,HYDRO,HYDRO,KSEB,LOWER PERIYAR  HPS.,180,14,21
REG3,`Apr-15,SOUTHERN,TELANGANA,CENTRAL,THERMAL,COAL,NTPC Ltd.,RAMAGUNDEM STPS,"2,600","1,693","1,745"
REG2,`Apr-15,WESTERN,GUJARAT,CENTRAL,NUCLEAR,NUCLEAR,NPCIL,KAKRAPARA,440,134,168
REG3,`Apr-15,SOUTHERN,ANDHRA PRADESH,PRIVATE IPP,THERMAL,GAS,KONDAPALI,KONDAPALLI CCPP,350,0,9
REG5,`Apr-15,NORTH EASTERN,ASSAM,CENTRAL,HYDRO,HYDRO,NEEPCO.,KOPILI  HPS.,225,22,3
REG2,`Apr-15,WESTERN,CHHATTISGARH,STATE,THERMAL,COAL,CSPGCL,KORBA-II,200,92,71
REG1,`Apr-15,NORTHERN,RAJASTHAN,STATE,THERMAL,GAS,RRVUNL,RAMGARH CCPP,274,84,161
REG4,`Apr-15,EASTERN,ORISSA,STATE,HYDRO,HYDRO,OHPC,UPPER  INDRAVATI  HPS.,600,252,180
REG3,`Apr-15,SOUTHERN,KARNATAKA,STATE,HYDRO,HYDRO,KPCL,KADRA  HPS,150,32,20
REG1,`Apr-15,NORTHERN,HIMACHAL PRADESH,STATE,HYDRO,HYDRO,HPSEB,LARJI  HPS,126,46,77
REG2,`Apr-15,WESTERN,MADHYA PRADESH,STATE,HYDRO,HYDRO,MPPGCL,PENCH  HPS,160,22,6
REG2,`Apr-15,WESTERN,MADHYA PRADESH,STATE,HYDRO,HYDRO,MPPGCL,GANDHI SAGAR  HPS,115,10,0
REG1,`Apr-15,NORTHERN,PUNJAB,STATE,HYDRO,HYDRO,PSPCL,MUKERIAN  HPS,207,9,6
REG3,`Apr-15,SOUTHERN,TAMIL NADU,STATE,THERMAL,COAL,TNGDCL,ENNORE TPS,450,53,68
REG4,`Apr-15,EASTERN,WEST BENGAL,CENTRAL,THERMAL,COAL,NTPC Ltd.,FARAKKA STPS,"2,100",896,906
REG2,`Apr-15,WESTERN,MAHARASHTRA,PRIVATE,HYDRO,HYDRO,TATA MAH.,BHIRA   HPS,150,64,23
REG2,`Apr-15,WESTERN,GUJARAT,STATE,THERMAL,COAL,GSECL,WANAKBORI TPS,"1,470",868,715
REG1,`Apr-15,NORTHERN,DELHI,STATE,THERMAL,GAS,IPGPCL,I.P.CCPP,270,80,65
REG1,`Apr-15,NORTHERN,PUNJAB,STATE,HYDRO,HYDRO,PSPCL,SHANAN  HPS,110,56,43
REG3,`Apr-15,SOUTHERN,ANDHRA PRADESH,PRIVATE IPP,THERMAL,GAS,GAUTAMI,GAUTAMI CCPP,464,0,104
REG3,`Apr-15,SOUTHERN,KERALA,STATE,HYDRO,HYDRO,KSEB,SENGULAM  HPS.,48,9,11
REG3,`Apr-15,SOUTHERN,ANDHRA PRADESH,STATE,HYDRO,HYDRO,APGENCO,SRISAILAM  HPS,770,77,19
REG1,`Apr-15,NORTHERN,UTTARAKHAND,STATE,HYDRO,HYDRO,UJVNL,MANERI BHALI - II  HPS,304,74,0
REG1,`Apr-15,NORTHERN,PUNJAB,STATE,HYDRO,HYDRO,PSPCL,RANJIT SAGAR  HPS,600,65,71
REG3,`Apr-15,SOUTHERN,KARNATAKA,STATE,HYDRO,HYDRO,KPCL,KALINADI  HPS,855,338,233
REG4,`Apr-15,EASTERN,WEST BENGAL,STATE,HYDRO,HYDRO,WBSEDCL,PURULIA PSS  HPS.,900,96,58
REG2,`Apr-15,WESTERN,MAHARASHTRA,STATE,HYDRO,HYDRO,MAHAGENCO,KOYNA-I  HPS,280,107,86
REG1,`Apr-15,NORTHERN,UTTAR PRADESH,STATE,HYDRO,HYDRO,UPJVNL,RIHAND  HPS,300,22,46
REG2,`Apr-15,WESTERN,CHHATTISGARH,CENTRAL,THERMAL,COAL,NSPCL,BHILAI TPS,500,189,334
REG3,`Apr-15,SOUTHERN,TAMIL NADU,PRIVATE IPP,THERMAL,GAS,PENNA,VALANTARVY CCPP,53,17,9
REG1,`Apr-15,NORTHERN,UTTARAKHAND,STATE,HYDRO,HYDRO,UJVNL,MANERI BHALI - I  HPS,90,35,53
REG1,`Apr-15,NORTHERN,JAMMU AND KASHMIR,STATE,HYDRO,HYDRO,JKSPDC,LOWER JHELUM  HPS,105,69,57
REG2,`Apr-15,WESTERN,MAHARASHTRA,STATE,HYDRO,HYDRO,MAHAGENCO,KOYNA-III  HPS,320,72,99
REG3,`Apr-15,SOUTHERN,TAMIL NADU,STATE,HYDRO,HYDRO,TNGDCL,KADAMPARI  HPS.,400,24,40
REG2,`Apr-15,WESTERN,GUJARAT,STATE,THERMAL,GAS,GSECL,PIPAVAV CCPP,702,0,0
REG3,`Apr-15,SOUTHERN,TAMIL NADU,PRIVATE IPP,THERMAL,COAL,CEPL,MUTHIARA TPP,600,0,301
REG1,`Apr-15,NORTHERN,UTTAR PRADESH,PRIVATE IPP,THERMAL,COAL,BEPL,KHAMBARKHERA TPS,90,60,17
REG2,`Apr-15,WESTERN,CHHATTISGARH,STATE,THERMAL,COAL,CSPGCL,MARWA TPS,500,110,0
REG4,`Apr-15,EASTERN,SIKKIM,PRIVATE IPP,HYDRO,HYDRO,DEPL,JORETHANG LOOP,0,0,0
REG2,`Apr-15,WESTERN,GUJARAT,STATE,THERMAL,COAL,BECL,BHAVNAGAR CFBC TPP,0,0,0
REG4,`Apr-15,EASTERN,WEST BENGAL,PRIVATE IPP,THERMAL,COAL,HEL,HALDIA TPP,600,177,236
REG1,`Apr-15,NORTHERN,PUNJAB,CENTRAL,HYDRO,HYDRO,BBMB,BHAKRA H  P S,"1,343",229,203
REG1,`Apr-15,NORTHERN,PUNJAB,CENTRAL,HYDRO,HYDRO,BBMB,DEHAR H P S,990,220,380
REG1,`Apr-15,NORTHERN,PUNJAB,CENTRAL,HYDRO,HYDRO,BBMB,GANGUWAL  HPS,78,32,37
REG1,`Apr-15,NORTHERN,PUNJAB,CENTRAL,HYDRO,HYDRO,BBMB,KOTLA  HPS,78,33,37
REG1,`Apr-15,NORTHERN,PUNJAB,CENTRAL,HYDRO,HYDRO,BBMB,PONG H P S,396,10,13
REG4,`Apr-15,EASTERN,JHARKHAND,CENTRAL,THERMAL,COAL,DVC,BOKARO TPS `A` EXP,0,0,0
REG4,`Apr-15,EASTERN,JHARKHAND,CENTRAL,THERMAL,COAL,DVC,BOKARO `B` TPS,630,126,101
REG4,`Apr-15,EASTERN,JHARKHAND,CENTRAL,THERMAL,COAL,DVC,CHANDRAPURA(DVC) TPS,890,463,360
REG4,`Apr-15,EASTERN,JHARKHAND,CENTRAL,THERMAL,COAL,DVC,KODARMA TPP,"1,000",244,287
REG4,`Apr-15,EASTERN,JHARKHAND,CENTRAL,THERMAL,NAPTHA,DVC,MAITHON GT (Liq.),90,0,0
REG4,`Apr-15,EASTERN,JHARKHAND,CENTRAL,HYDRO,HYDRO,DVC,MAITHON  HPS.,63,6,4
REG4,`Apr-15,EASTERN,JHARKHAND,CENTRAL,HYDRO,HYDRO,DVC,PANCHET  HPS.,80,2,1
REG4,`Apr-15,EASTERN,WEST BENGAL,CENTRAL,THERMAL,COAL,DVC,DURGAPUR STEEL TPS,"1,000",382,309
REG4,`Apr-15,EASTERN,WEST BENGAL,CENTRAL,THERMAL,COAL,DVC,DURGAPUR TPS,340,126,67
REG4,`Apr-15,EASTERN,WEST BENGAL,CENTRAL,THERMAL,COAL,DVC,MEJIA TPS,"2,340","1,111",987
REG4,`Apr-15,EASTERN,WEST BENGAL,CENTRAL,THERMAL,COAL,DVC,RAGHUNATHPUR TPP,600,0,45
