REGION ID,MONTH,REGION,STATE,SECTOR,CATEGORY,FUEL,UTILITY,STATION,INSTALLED CAPACITY,PROGRAM GENERATION,ACTUAL GENERATION
REG1,JUN-2009,NORTHERN,DELHI,CENTRAL,THERMAL,COAL,NTPC Ltd.,BADARPUR TPS,705,476,498.87
REG1,JUN-2009,NORTHERN,DELHI,STATE,THERMAL,COAL,IPGPCL,I.P.  T.P.S.,247.5,79,62.29
REG1,JUN-2009,NORTHERN,DELHI,STATE,THERMAL,GAS,IPGPCL,I.P.CCPP,270,133,129.89
REG1,JUN-2009,NORTHERN,DELHI,STATE,THERMAL,GAS,IPGPCL,PRAGATI CCGT-III,0,0,0
REG1,JUN-2009,NORTHERN,DELHI,STATE,THERMAL,GAS,IPGPCL,PRAGATI CCPP,330.4,196,205.32
REG1,JUN-2009,NORTHERN,DELHI,STATE,THERMAL,COAL,IPGPCL,RAJGHAT TPS,135,41,66.4
REG1,JUN-2009,NORTHERN,DELHI,PRIVATE IPP,THERMAL,GAS,NDPL,RITHALA CCPP,0,0,0
REG1,JUN-2009,NORTHERN,HARYANA,CENTRAL,THERMAL,GAS,NTPC Ltd.,FARIDABAD CCPP,430,247,269.81
REG1,JUN-2009,NORTHERN,HARYANA,STATE,THERMAL,COAL,HPGCL,FARIDABAD TPS.,110,17.8,42.8
REG1,JUN-2009,NORTHERN,HARYANA,CENTRAL,THERMAL,COAL,APCPL,INDIRA GANDHI STPP,0,0,0
REG1,JUN-2009,NORTHERN,HARYANA,PRIVATE IPP,THERMAL,COAL,JhPL(HR),MAHATMA GANDHI TPS,0,0,0
REG1,JUN-2009,NORTHERN,HARYANA,STATE,THERMAL,COAL,HPGCL,PANIPAT TPS,1360,843.34,815.61
REG1,JUN-2009,NORTHERN,HARYANA,STATE,THERMAL,COAL,HPGCL,RAJIV GANDHI TPS,0,0,0
REG1,JUN-2009,NORTHERN,HARYANA,STATE,THERMAL,COAL,HPGCL,YAMUNA NAGAR TPS,600,388.8,318.79
REG1,JUN-2009,NORTHERN,HIMACHAL PRADESH,PRIVATE IPP,HYDRO,HYDRO,ADHPL,ALLAIN DUHANGAN  HPS,0,0,0
REG1,JUN-2009,NORTHERN,HIMACHAL PRADESH,CENTRAL,HYDRO,HYDRO,NHPC,BAIRA SIUL  HPS,198,88,60.84
REG1,JUN-2009,NORTHERN,HIMACHAL PRADESH,PRIVATE IPP,HYDRO,HYDRO,JHPL,BASPA  HPS,300,196,202.48
REG1,JUN-2009,NORTHERN,HIMACHAL PRADESH,STATE,HYDRO,HYDRO,HPSEB,BASSI  HPS,60,32,20.35
REG1,JUN-2009,NORTHERN,HIMACHAL PRADESH,PRIVATE IPP,HYDRO,HYDRO,LGPPL,BUDHIL HPS,0,0,0
REG1,JUN-2009,NORTHERN,HIMACHAL PRADESH,CENTRAL,HYDRO,HYDRO,NHPC,CHAMERA- I  HPS,540,231,268.89
REG1,JUN-2009,NORTHERN,HIMACHAL PRADESH,CENTRAL,HYDRO,HYDRO,NHPC,CHAMERA- II  HPS,300,142,194.2
REG1,JUN-2009,NORTHERN,HIMACHAL PRADESH,CENTRAL,HYDRO,HYDRO,NHPC,CHAMERA-III HPS,0,0,0
REG1,JUN-2009,NORTHERN,HIMACHAL PRADESH,STATE,HYDRO,HYDRO,HPSEB,GIRI BATA HPS,60,15,3.4
REG1,JUN-2009,NORTHERN,HIMACHAL PRADESH,PRIVATE IPP,HYDRO,HYDRO,JKHPCL,KARCHAM WANGTOO HPS,0,0,0
REG1,JUN-2009,NORTHERN,HIMACHAL PRADESH,STATE,HYDRO,HYDRO,HPSEB,LARJI  HPS,126,83,76.94
REG1,JUN-2009,NORTHERN,HIMACHAL PRADESH,PRIVATE IPP,HYDRO,HYDRO,MPCL,MALANA  HPS,86,50,37.55
REG1,JUN-2009,NORTHERN,HIMACHAL PRADESH,PRIVATE IPP,HYDRO,HYDRO,E.P.P.L.,MALANA-II  HPS,0,0,0
REG1,JUN-2009,NORTHERN,HIMACHAL PRADESH,CENTRAL,HYDRO,HYDRO,SJVNL,NATHPA JHAKRI HPS,1500,982,1068.7
REG1,JUN-2009,NORTHERN,HIMACHAL PRADESH,CENTRAL,HYDRO,HYDRO,NHPC,PARBATI-III HPS,0,0,0
REG1,JUN-2009,NORTHERN,HIMACHAL PRADESH,CENTRAL,HYDRO,HYDRO,SJVNL,RAMPUR HPS,0,0,0
REG1,JUN-2009,NORTHERN,HIMACHAL PRADESH,STATE,HYDRO,HYDRO,HPSEB,SANJAY  HPS,120,85,88.93
REG1,JUN-2009,NORTHERN,HIMACHAL PRADESH,PRIVATE IPP,HYDRO,HYDRO,HSPCL,SORANG HPS,0,0,0
REG1,JUN-2009,NORTHERN,HIMACHAL PRADESH,STATE,HYDRO,HYDRO,HPSEB,UHL-III HPS,0,0,0
REG1,JUN-2009,NORTHERN,JAMMU AND KASHMIR,STATE,THERMAL,HIGH SPEED DIESEL,JK - PDD,PAMPORE GPS (Liq.),175,0,0
REG1,JUN-2009,NORTHERN,JAMMU AND KASHMIR,STATE,HYDRO,HYDRO,JK - PDD,BAGLIHAR  HPS,450,324,322.47
REG1,JUN-2009,NORTHERN,JAMMU AND KASHMIR,CENTRAL,HYDRO,HYDRO,NHPC,CHUTAK HPS,0,0,0
REG1,JUN-2009,NORTHERN,JAMMU AND KASHMIR,CENTRAL,HYDRO,HYDRO,NHPC,DULHASTI  HPS,390,257,272.78
REG1,JUN-2009,NORTHERN,JAMMU AND KASHMIR,STATE,HYDRO,HYDRO,JK - PDD,LOWER JHELUM  HPS,105,55,66.84
REG1,JUN-2009,NORTHERN,JAMMU AND KASHMIR,CENTRAL,HYDRO,HYDRO,NHPC,NIMBOO BAZDO HPS,0,0,0
REG1,JUN-2009,NORTHERN,JAMMU AND KASHMIR,CENTRAL,HYDRO,HYDRO,NHPC,SALAL  HPS,690,455,437.13
REG1,JUN-2009,NORTHERN,JAMMU AND KASHMIR,CENTRAL,HYDRO,HYDRO,NHPC,SEWA-II  HPS,0,0,0
REG1,JUN-2009,NORTHERN,JAMMU AND KASHMIR,STATE,HYDRO,HYDRO,JK - PDD,UPPER SINDH-II HPS,105,43,34.04
REG1,JUN-2009,NORTHERN,JAMMU AND KASHMIR,CENTRAL,HYDRO,HYDRO,NHPC,URI-I HPS,480,329,348.96
REG1,JUN-2009,NORTHERN,JAMMU AND KASHMIR,CENTRAL,HYDRO,HYDRO,NHPC,URI-II HPS,0,0,0
REG1,JUN-2009,NORTHERN,PUNJAB,STATE,THERMAL,COAL,PSPCL,GH TPS (LEH.MOH.),920,568,638.13
REG1,JUN-2009,NORTHERN,PUNJAB,STATE,THERMAL,COAL,PSPCL,GND TPS(BHATINDA),440,184,261.69
REG1,JUN-2009,NORTHERN,PUNJAB,PRIVATE IPP,THERMAL,COAL,GVKP&IL,GOINDWAL SAHIB,0,0,0
REG1,JUN-2009,NORTHERN,PUNJAB,STATE,THERMAL,COAL,PSPCL,ROPAR TPS,1260,810,867.41
REG1,JUN-2009,NORTHERN,PUNJAB,STATE,HYDRO,HYDRO,PSPCL,ANANDPUR SAHIB HPS,134,85,86.31
REG1,JUN-2009,NORTHERN,PUNJAB,CENTRAL,HYDRO,HYDRO,BBMB,BHAKRA H  P S,1325,401,507.03
REG1,JUN-2009,NORTHERN,PUNJAB,CENTRAL,HYDRO,HYDRO,BBMB,DEHAR H P S,990,420,376.22
REG1,JUN-2009,NORTHERN,PUNJAB,CENTRAL,HYDRO,HYDRO,BBMB,GANGUWAL  HPS,83.58,92,51.44
REG1,JUN-2009,NORTHERN,PUNJAB,CENTRAL,HYDRO,HYDRO,BBMB,KOTLA  HPS,84.57,0,34.95
REG1,JUN-2009,NORTHERN,PUNJAB,STATE,HYDRO,HYDRO,PSPCL,MUKERIAN  HPS,207,110,89.85
REG1,JUN-2009,NORTHERN,PUNJAB,CENTRAL,HYDRO,HYDRO,BBMB,PONG H P S,396,125,81.14
REG1,JUN-2009,NORTHERN,PUNJAB,STATE,HYDRO,HYDRO,PSPCL,RANJIT SAGAR  HPS,600,205,142.31
REG1,JUN-2009,NORTHERN,PUNJAB,STATE,HYDRO,HYDRO,PSPCL,SHANAN  HPS,110,77,68.6
REG1,JUN-2009,NORTHERN,RAJASTHAN,CENTRAL,THERMAL,GAS,NTPC Ltd.,ANTA CCPP,413,236,206.89
REG1,JUN-2009,NORTHERN,RAJASTHAN,CENTRAL,THERMAL,LIGNITE,NLC,BARSINGSAR LIGNITE,0,0,0
REG1,JUN-2009,NORTHERN,RAJASTHAN,STATE,THERMAL,COAL,RRVUNL,CHHABRA TPP,0,0,0
REG1,JUN-2009,NORTHERN,RAJASTHAN,STATE,THERMAL,GAS,RRVUNL,DHOLPUR CCPP,330,190.08,197.88
REG1,JUN-2009,NORTHERN,RAJASTHAN,STATE,THERMAL,LIGNITE,RRVUNL,GIRAL TPS,125,57.6,59.03
REG1,JUN-2009,NORTHERN,RAJASTHAN,PRIVATE IPP,THERMAL,LIGNITE,RWPL (JSW),JALIPA KAPURDI TPP,0,0,0
REG1,JUN-2009,NORTHERN,RAJASTHAN,STATE,THERMAL,COAL,RRVUNL,KALISINDH TPS,0,0,0
REG1,JUN-2009,NORTHERN,RAJASTHAN,PRIVATE IPP,THERMAL,COAL,APL,KAWAI TPS,0,0,0
REG1,JUN-2009,NORTHERN,RAJASTHAN,STATE,THERMAL,COAL,RRVUNL,KOTA TPS,1045,617.6,693.35
REG1,JUN-2009,NORTHERN,RAJASTHAN,STATE,THERMAL,GAS,RRVUNL,RAMGARH CCPP,113.8,30.2,23.43
REG1,JUN-2009,NORTHERN,RAJASTHAN,STATE,THERMAL,COAL,RRVUNL,SURATGARH TPS,1250,693,693
REG1,JUN-2009,NORTHERN,RAJASTHAN,CENTRAL,NUCLEAR,NUCLEAR,NPC,RAJASTHAN  A.P.S.,740,279,155.73
REG1,JUN-2009,NORTHERN,RAJASTHAN,STATE,HYDRO,HYDRO,RRVUNL,JAWAHAR SAGAR  HPS,99,6,0.79
REG1,JUN-2009,NORTHERN,RAJASTHAN,STATE,HYDRO,HYDRO,RRVUNL,MAHI BAJAJ  HPS,140,0,0
REG1,JUN-2009,NORTHERN,RAJASTHAN,STATE,HYDRO,HYDRO,RRVUNL,R P SAGAR  HPS,172,0,1.08
REG1,JUN-2009,NORTHERN,UTTAR PRADESH,PRIVATE IPP,THERMAL,COAL,LAPPL,ANPARA C TPS,0,0,0
REG1,JUN-2009,NORTHERN,UTTAR PRADESH,STATE,THERMAL,COAL,UPRVUNL,ANPARA TPS,1630,962,1069.44
REG1,JUN-2009,NORTHERN,UTTAR PRADESH,CENTRAL,THERMAL,GAS,NTPC Ltd.,AURAIYA CCPP,652,302,388.55
REG1,JUN-2009,NORTHERN,UTTAR PRADESH,PRIVATE IPP,THERMAL,COAL,BEPL,BARKHERA TPS,0,0,0
REG1,JUN-2009,NORTHERN,UTTAR PRADESH,CENTRAL,THERMAL,COAL,NTPC Ltd.,DADRI (NCTPP),840,600,619.77
REG1,JUN-2009,NORTHERN,UTTAR PRADESH,CENTRAL,THERMAL,GAS,NTPC Ltd.,DADRI CCPP,817,447,397.61
REG1,JUN-2009,NORTHERN,UTTAR PRADESH,STATE,THERMAL,COAL,UPRVUNL,HARDUAGANJ TPS,225,79,78.35
REG1,JUN-2009,NORTHERN,UTTAR PRADESH,PRIVATE IPP,THERMAL,COAL,BEPL,KHAMBARKHERA TPS,0,0,0
REG1,JUN-2009,NORTHERN,UTTAR PRADESH,PRIVATE IPP,THERMAL,COAL,BEPL,KUNDARKI TPS,0,0,0
REG1,JUN-2009,NORTHERN,UTTAR PRADESH,PRIVATE IPP,THERMAL,COAL,BEPL,MAQSOODPUR TPS,0,0,0
REG1,JUN-2009,NORTHERN,UTTAR PRADESH,STATE,THERMAL,COAL,UPRVUNL,OBRA TPS,1362,432,449.14
REG1,JUN-2009,NORTHERN,UTTAR PRADESH,STATE,THERMAL,COAL,UPRVUNL,PANKI TPS,210,108,124.83
REG1,JUN-2009,NORTHERN,UTTAR PRADESH,STATE,THERMAL,COAL,UPRVUNL,PARICHHA TPS,640,223,321.87
REG1,JUN-2009,NORTHERN,UTTAR PRADESH,CENTRAL,THERMAL,COAL,NTPC Ltd.,RIHAND STPS,2000,1392,1473.4
REG1,JUN-2009,NORTHERN,UTTAR PRADESH,PRIVATE IPP,THERMAL,COAL,RPSCL,ROSA TPP Ph-I,0,0,0
REG1,JUN-2009,NORTHERN,UTTAR PRADESH,CENTRAL,THERMAL,COAL,NTPC Ltd.,SINGRAULI STPS,2000,1387,1325.08
REG1,JUN-2009,NORTHERN,UTTAR PRADESH,CENTRAL,THERMAL,COAL,NTPC Ltd.,TANDA TPS,440,258,315.48
REG1,JUN-2009,NORTHERN,UTTAR PRADESH,CENTRAL,THERMAL,COAL,NTPC Ltd.,UNCHAHAR TPS,1050,740,698.98
REG1,JUN-2009,NORTHERN,UTTAR PRADESH,PRIVATE IPP,THERMAL,COAL,BEPL,UTRAULA TPS,0,0,0
REG1,JUN-2009,NORTHERN,UTTAR PRADESH,CENTRAL,NUCLEAR,NUCLEAR,NPC,NARORA  A.P.S.,440,82,73.07
REG1,JUN-2009,NORTHERN,UTTAR PRADESH,STATE,HYDRO,HYDRO,UPJVNL,KHARA  HPS,72,35,19.09
REG1,JUN-2009,NORTHERN,UTTAR PRADESH,STATE,HYDRO,HYDRO,UPJVNL,MATATILA  HPS,30,2,0
REG1,JUN-2009,NORTHERN,UTTAR PRADESH,STATE,HYDRO,HYDRO,UPJVNL,OBRA  HPS,99,12,10.8
REG1,JUN-2009,NORTHERN,UTTAR PRADESH,STATE,HYDRO,HYDRO,UPJVNL,RIHAND  HPS,300,28,26.46
REG1,JUN-2009,NORTHERN,UTTARAKHAND,STATE,HYDRO,HYDRO,UJVNL,CHIBRO (YAMUNA)  HPS,240,85,48.39
REG1,JUN-2009,NORTHERN,UTTARAKHAND,STATE,HYDRO,HYDRO,UJVNL,CHILLA  HPS,144,75,60.41
REG1,JUN-2009,NORTHERN,UTTARAKHAND,STATE,HYDRO,HYDRO,UJVNL,DHAKRANI  HPS,33.75,16,8.08
REG1,JUN-2009,NORTHERN,UTTARAKHAND,STATE,HYDRO,HYDRO,UJVNL,DHALIPUR  HPS,51,24,12.4
REG1,JUN-2009,NORTHERN,UTTARAKHAND,CENTRAL,HYDRO,HYDRO,NHPC,DHAULI GANGA  HPS,280,138,129.65
REG1,JUN-2009,NORTHERN,UTTARAKHAND,STATE,HYDRO,HYDRO,UJVNL,KHATIMA  HPS,41.4,16,13.96
REG1,JUN-2009,NORTHERN,UTTARAKHAND,STATE,HYDRO,HYDRO,UJVNL,KHODRI  HPS,120,42,23.57
REG1,JUN-2009,NORTHERN,UTTARAKHAND,CENTRAL,HYDRO,HYDRO,THDC,KOTESHWAR HPS,0,0,0
REG1,JUN-2009,NORTHERN,UTTARAKHAND,STATE,HYDRO,HYDRO,UJVNL,KULHAL  HPS,30,15,8.8
REG1,JUN-2009,NORTHERN,UTTARAKHAND,STATE,HYDRO,HYDRO,UJVNL,MANERI BHALI - I  HPS,90,60,59.73
REG1,JUN-2009,NORTHERN,UTTARAKHAND,STATE,HYDRO,HYDRO,UJVNL,MANERI BHALI - II  HPS,304,180,176.5
REG1,JUN-2009,NORTHERN,UTTARAKHAND,STATE,HYDRO,HYDRO,UJVNL,RAMGANGA  HPS,198,10,40.64
REG1,JUN-2009,NORTHERN,UTTARAKHAND,PRIVATE IPP,HYDRO,HYDRO,GVKP&IL,SHRINAGAR HPS,0,0,0
REG1,JUN-2009,NORTHERN,UTTARAKHAND,CENTRAL,HYDRO,HYDRO,NHPC,TANAKPUR  HPS,120,40,36.24
REG1,JUN-2009,NORTHERN,UTTARAKHAND,CENTRAL,HYDRO,HYDRO,THDC,TEHRI ST-1  HPS,1000,207,131.05
REG1,JUN-2009,NORTHERN,UTTARAKHAND,PRIVATE IPP,HYDRO,HYDRO,JPPVL,VISHNU PRAYAG  HPS,400,274,290.81
REG2,JUN-2009,WESTERN,CHHATTISGARH,PRIVATE IPP,THERMAL,COAL,WPCL,AKALTARA TPS,0,0,0
REG2,JUN-2009,WESTERN,CHHATTISGARH,PRIVATE IPP,THERMAL,COAL,KWPCL,AVANTHA BHANDAR,0,0,0
REG2,JUN-2009,WESTERN,CHHATTISGARH,PRIVATE IPP,THERMAL,COAL,BALCO,BALCO TPS,0,0,0
REG2,JUN-2009,WESTERN,CHHATTISGARH,PRIVATE IPP,THERMAL,COAL,DBPCL,BARADARHA,0,0,0
REG2,JUN-2009,WESTERN,CHHATTISGARH,CENTRAL,THERMAL,COAL,NSPCL,BHILAI TPS,250,115.95,129.86
REG2,JUN-2009,WESTERN,CHHATTISGARH,STATE,THERMAL,COAL,CSPGCL,DSPM TPS,500,310,202.95
REG2,JUN-2009,WESTERN,CHHATTISGARH,PRIVATE IPP,THERMAL,COAL,ACB,KASAIPALLI TPP,0,0,0
REG2,JUN-2009,WESTERN,CHHATTISGARH,PRIVATE IPP,THERMAL,COAL,VESPL,KATGHORA TPP,0,0,0
REG2,JUN-2009,WESTERN,CHHATTISGARH,CENTRAL,THERMAL,COAL,NTPC Ltd.,KORBA STPS,2100,1458,1330.91
REG2,JUN-2009,WESTERN,CHHATTISGARH,STATE,THERMAL,COAL,CSPGCL,KORBA-II,200,96,108.03
REG2,JUN-2009,WESTERN,CHHATTISGARH,STATE,THERMAL,COAL,CSPGCL,KORBA-III,240,144,80.29
REG2,JUN-2009,WESTERN,CHHATTISGARH,STATE,THERMAL,COAL,CSPGCL,KORBA-WEST TPS,840,390,527.71
REG2,JUN-2009,WESTERN,CHHATTISGARH,STATE,THERMAL,COAL,CSPGCL,MARWA TPS,0,0,0
REG2,JUN-2009,WESTERN,CHHATTISGARH,PRIVATE IPP,THERMAL,COAL,JPL,OP JINDAL TPS,1000,605.25,681.11
REG2,JUN-2009,WESTERN,CHHATTISGARH,PRIVATE IPP,THERMAL,COAL,LANCO,PATHADI TPP,0,108,0
REG2,JUN-2009,WESTERN,CHHATTISGARH,PRIVATE IPP,THERMAL,COAL,SCPL,RATIJA TPS,0,0,0
REG2,JUN-2009,WESTERN,CHHATTISGARH,CENTRAL,THERMAL,COAL,NTPC Ltd.,SIPAT STPS,1000,694,647.84
REG2,JUN-2009,WESTERN,CHHATTISGARH,PRIVATE IPP,THERMAL,COAL,SVPPL,SVPL TPP,0,0,0
REG2,JUN-2009,WESTERN,CHHATTISGARH,PRIVATE IPP,THERMAL,COAL,VVL,VANDANA VIDYUT TPS,0,0,0
REG2,JUN-2009,WESTERN,CHHATTISGARH,STATE,HYDRO,HYDRO,CSPGCL,HASDEOBANGO  HPS,120,15,32.54
REG2,JUN-2009,WESTERN,GOA,PRIVATE IPP,THERMAL,NAPTHA,RELIANCE,GOA CCPP (Liq.),48,29.28,28.19
REG2,JUN-2009,WESTERN,GUJARAT,STATE,THERMAL,LIGNITE,GMDCL,AKRIMOTA LIG TPS,250,117,99.09
REG2,JUN-2009,WESTERN,GUJARAT,PRIVATE IPP,THERMAL,GAS,GIPCL,BARODA CCPP,160,106.04,77.61
REG2,JUN-2009,WESTERN,GUJARAT,STATE,THERMAL,GAS,GSECL,DHUVARAN CCPP,218.62,133,130.02
REG2,JUN-2009,WESTERN,GUJARAT,STATE,THERMAL,MULTI FUEL,GSECL,DHUVARAN TPS,220,117,43.08
REG2,JUN-2009,WESTERN,GUJARAT,PRIVATE IPP,THERMAL,GAS,ESSAR,ESSAR CCPP,515,167,199.74
REG2,JUN-2009,WESTERN,GUJARAT,CENTRAL,THERMAL,GAS,NTPC Ltd.,GANDHAR CCPP,648,315,408.38
REG2,JUN-2009,WESTERN,GUJARAT,STATE,THERMAL,COAL,GSECL,GANDHI NAGAR TPS,870,420,568.82
REG2,JUN-2009,WESTERN,GUJARAT,PRIVATE IPP,THERMAL,GAS,GIPCL,GIPCL. GT IMP,0,25.74,21.56
REG2,JUN-2009,WESTERN,GUJARAT,STATE,THERMAL,GAS,GSEGL,HAZIRA CCPP,156.1,67.08,97.01
REG2,JUN-2009,WESTERN,GUJARAT,STATE,THERMAL,GAS,GSEGL,HAZIRA CCPP EXT,0,0,0
REG2,JUN-2009,WESTERN,GUJARAT,CENTRAL,THERMAL,GAS,NTPC Ltd.,KAWAS CCPP,644,339,352.77
REG2,JUN-2009,WESTERN,GUJARAT,STATE,THERMAL,LIGNITE,GSECL,KUTCH LIG. TPS,290,150,56.89
REG2,JUN-2009,WESTERN,GUJARAT,PRIVATE IPP,THERMAL,COAL,APL,MUNDRA TPS,0,0,0
REG2,JUN-2009,WESTERN,GUJARAT,PRIVATE IPP,THERMAL,COAL,CGPL,MUNDRA UMTPP,0,0,0
REG2,JUN-2009,WESTERN,GUJARAT,PRIVATE IPP,THERMAL,GAS,GTE CORP,PEGUTHAN CCPP,655,402.44,408.26
REG2,JUN-2009,WESTERN,GUJARAT,STATE,THERMAL,GAS,GSECL,PIPAVAV CCPP,0,0,0
REG2,JUN-2009,WESTERN,GUJARAT,PRIVATE,THERMAL,COAL,TOR. POW. (UNOSUGEN),SABARMATI (C STATION),60,41.69,38.67
REG2,JUN-2009,WESTERN,GUJARAT,PRIVATE,THERMAL,COAL,TOR. POW. (UNOSUGEN),SABARMATI (D-F STATIONS),330,236.19,250.16
REG2,JUN-2009,WESTERN,GUJARAT,PRIVATE IPP,THERMAL,COAL,EPGL,SALAYA TPP,0,0,0
REG2,JUN-2009,WESTERN,GUJARAT,STATE,THERMAL,COAL,GSECL,SIKKA REP. TPS,240,113,126.53
REG2,JUN-2009,WESTERN,GUJARAT,PRIVATE IPP,THERMAL,GAS,TOR. POW. (SUGEN),SUGEN CCPP,765,0,291.09
REG2,JUN-2009,WESTERN,GUJARAT,PRIVATE IPP,THERMAL,LIGNITE,GIPCL,SURAT LIG. TPS,250,154,171.77
REG2,JUN-2009,WESTERN,GUJARAT,STATE,THERMAL,COAL,GSECL,UKAI TPS,850,340,281.22
REG2,JUN-2009,WESTERN,GUJARAT,PRIVATE IPP,THERMAL,GAS,TOR. POW. (UNOSUGEN),UNOSUGEN CCPP,0,0,0
REG2,JUN-2009,WESTERN,GUJARAT,STATE,THERMAL,GAS,GSECL,UTRAN CCPP,144,78,68.21
REG2,JUN-2009,WESTERN,GUJARAT,PRIVATE,THERMAL,GAS,TOR. POW. (UNOSUGEN),VATWA CCPP,100,65.11,68.45
REG2,JUN-2009,WESTERN,GUJARAT,STATE,THERMAL,COAL,GSECL,WANAKBORI TPS,1470,883,892.76
REG2,JUN-2009,WESTERN,GUJARAT,CENTRAL,NUCLEAR,NUCLEAR,NPC,KAKRAPARA,440,82,90.34
REG2,JUN-2009,WESTERN,GUJARAT,STATE,HYDRO,HYDRO,GSECL,KADANA  HPS,240,6,7.03
REG2,JUN-2009,WESTERN,GUJARAT,STATE,HYDRO,HYDRO,SSNNL,S SAROVAR CHPH  HPS,250,15,15.7
REG2,JUN-2009,WESTERN,GUJARAT,STATE,HYDRO,HYDRO,SSNNL,S SAROVAR RBPH  HPS,1200,78,106.77
REG2,JUN-2009,WESTERN,GUJARAT,STATE,HYDRO,HYDRO,GSECL,UKAI  HPS,300,59,29.15
REG2,JUN-2009,WESTERN,MADHYA PRADESH,STATE,THERMAL,COAL,MPPGCL,AMAR KANTAK,0,0,0
REG2,JUN-2009,WESTERN,MADHYA PRADESH,STATE,THERMAL,COAL,MPPGCL,AMARKANTAK EXT TPS,450,153,140.93
REG2,JUN-2009,WESTERN,MADHYA PRADESH,PRIVATE IPP,THERMAL,COAL,BPSCL,BINA TPS,0,0,0
REG2,JUN-2009,WESTERN,MADHYA PRADESH,PRIVATE IPP,THERMAL,COAL,ESSARPMPL,MAHAN TPP,0,0,0
REG2,JUN-2009,WESTERN,MADHYA PRADESH,STATE,THERMAL,COAL,MPPGCL,SANJAY GANDHI TPS,1340,645,602.12
REG2,JUN-2009,WESTERN,MADHYA PRADESH,PRIVATE IPP,THERMAL,COAL,RPL,SASAN UMTPP,0,0,0
REG2,JUN-2009,WESTERN,MADHYA PRADESH,STATE,THERMAL,COAL,MPPGCL,SATPURA TPS,1142.5,607,308.67
REG2,JUN-2009,WESTERN,MADHYA PRADESH,STATE,THERMAL,COAL,MPPGCL,SHREE SINGAJI TPP,0,0,0
REG2,JUN-2009,WESTERN,MADHYA PRADESH,CENTRAL,THERMAL,COAL,NTPC Ltd.,VINDHYACHAL STPS,3260,2252,2085.48
REG2,JUN-2009,WESTERN,MADHYA PRADESH,STATE,HYDRO,HYDRO,MPPGCL,BANSAGAR TONS-1  HPS,315,25,89.32
REG2,JUN-2009,WESTERN,MADHYA PRADESH,STATE,HYDRO,HYDRO,MPPGCL,BANSAGAR TONS-II  HPS,30,0,0
REG2,JUN-2009,WESTERN,MADHYA PRADESH,STATE,HYDRO,HYDRO,MPPGCL,BANSAGAR TONS-III  HPS,60,0,33.36
REG2,JUN-2009,WESTERN,MADHYA PRADESH,STATE,HYDRO,HYDRO,MPPGCL,BARGI  HPS,90,12,14.4
REG2,JUN-2009,WESTERN,MADHYA PRADESH,STATE,HYDRO,HYDRO,MPPGCL,GANDHI SAGAR  HPS,115,5,5.39
REG2,JUN-2009,WESTERN,MADHYA PRADESH,CENTRAL,HYDRO,HYDRO,NHDC,INDIRA SAGAR  HPS,1000,67,85.83
REG2,JUN-2009,WESTERN,MADHYA PRADESH,STATE,HYDRO,HYDRO,MPPGCL,MADHIKHERA  HPS,40,0,0
REG2,JUN-2009,WESTERN,MADHYA PRADESH,PRIVATE IPP,HYDRO,HYDRO,SMHPCL,MAHESHWAR HPS,0,0,0
REG2,JUN-2009,WESTERN,MADHYA PRADESH,CENTRAL,HYDRO,HYDRO,NHDC,OMKARESHWAR  HPS,520,39,47.25
REG2,JUN-2009,WESTERN,MADHYA PRADESH,STATE,HYDRO,HYDRO,MPPGCL,PENCH  HPS,160,5,10.28
REG2,JUN-2009,WESTERN,MADHYA PRADESH,STATE,HYDRO,HYDRO,MPPGCL,RAJGHAT  HPS,45,0,0
REG2,JUN-2009,WESTERN,MAHARASHTRA,PRIVATE IPP,THERMAL,COAL,IBPL,AMARAVATI TPS,0,0,0
REG2,JUN-2009,WESTERN,MAHARASHTRA,PRIVATE IPP,THERMAL,COAL,IEPL,BELA TPS,0,0,0
REG2,JUN-2009,WESTERN,MAHARASHTRA,STATE,THERMAL,COAL,MAHAGENCO,BHUSAWAL TPS,475,154,267.36
REG2,JUN-2009,WESTERN,MAHARASHTRA,PRIVATE IPP,THERMAL,COAL,VIP,BUTIBORI TPP,0,0,0
REG2,JUN-2009,WESTERN,MAHARASHTRA,STATE,THERMAL,COAL,MAHAGENCO,CHANDRAPUR(MAHARASHTRA) STPS,2340,1100,1304.58
REG2,JUN-2009,WESTERN,MAHARASHTRA,PRIVATE,THERMAL,COAL,RIL (DAHANU),DAHANU TPS,500,360,377.95
REG2,JUN-2009,WESTERN,MAHARASHTRA,PRIVATE IPP,THERMAL,COAL,DIPL,DHARIWAL TPP,0,0,0
REG2,JUN-2009,WESTERN,MAHARASHTRA,PRIVATE IPP,THERMAL,COAL,EEL,EMCO WARORA TPS,0,0,0
REG2,JUN-2009,WESTERN,MAHARASHTRA,PRIVATE IPP,THERMAL,COAL,GEPL,GEPL TPP Ph-I,0,0,0
REG2,JUN-2009,WESTERN,MAHARASHTRA,PRIVATE IPP,THERMAL,COAL,JSWEL,JSW RATNAGIRI TPP,0,0,0
REG2,JUN-2009,WESTERN,MAHARASHTRA,STATE,THERMAL,COAL,MAHAGENCO,KHAPARKHEDA TPS,840,550,489.44
REG2,JUN-2009,WESTERN,MAHARASHTRA,STATE,THERMAL,COAL,MAHAGENCO,KORADI TPS,1040,548,409.89
REG2,JUN-2009,WESTERN,MAHARASHTRA,CENTRAL,THERMAL,COAL,NTPC Ltd.,MAUDA TPS,0,0,0
REG2,JUN-2009,WESTERN,MAHARASHTRA,PRIVATE IPP,THERMAL,COAL,AMNEPL,MIHAN TPS,0,0,0
REG2,JUN-2009,WESTERN,MAHARASHTRA,PRIVATE IPP,THERMAL,COAL,IBPL,NASIK (P) TPS,0,0,0
REG2,JUN-2009,WESTERN,MAHARASHTRA,STATE,THERMAL,COAL,MAHAGENCO,NASIK TPS,880,420,372.64
REG2,JUN-2009,WESTERN,MAHARASHTRA,STATE,THERMAL,COAL,MAHAGENCO,PARAS TPS,305,73,143.9
REG2,JUN-2009,WESTERN,MAHARASHTRA,STATE,THERMAL,COAL,MAHAGENCO,PARLI TPS,920,577,362.14
REG2,JUN-2009,WESTERN,MAHARASHTRA,CENTRAL,THERMAL,GAS,RGPPL,RATNAGIRI CCPP I,740,277,211.55
REG2,JUN-2009,WESTERN,MAHARASHTRA,CENTRAL,THERMAL,GAS,RGPPL,RATNAGIRI CCPP II,740,278,221.45
REG2,JUN-2009,WESTERN,MAHARASHTRA,CENTRAL,THERMAL,GAS,RGPPL,RATNAGIRI CCPP III,740,277,217.32
REG2,JUN-2009,WESTERN,MAHARASHTRA,PRIVATE IPP,THERMAL,COAL,APL,TIRORA TPS,0,0,0
REG2,JUN-2009,WESTERN,MAHARASHTRA,PRIVATE,THERMAL,GAS,TATA PCL,TROMBAY CCPP,180,118,135.45
REG2,JUN-2009,WESTERN,MAHARASHTRA,PRIVATE,THERMAL,COAL,TATA PCL,TROMBAY TPS,1400,780,697.27
REG2,JUN-2009,WESTERN,MAHARASHTRA,STATE,THERMAL,GAS,MAHAGENCO,URAN CCPP,912,320,425.99
REG2,JUN-2009,WESTERN,MAHARASHTRA,PRIVATE IPP,THERMAL,COAL,WPCL,WARDHA WARORA TPP,0,0,0
REG2,JUN-2009,WESTERN,MAHARASHTRA,CENTRAL,NUCLEAR,NUCLEAR,NPC,TARAPUR,1400,496,512.98
REG2,JUN-2009,WESTERN,MAHARASHTRA,PRIVATE IPP,HYDRO,HYDRO,DLHP,BHANDARDHARA  HPS ST-II,34,3,4.42
REG2,JUN-2009,WESTERN,MAHARASHTRA,PRIVATE,HYDRO,HYDRO,TATA MAH.,BHIRA   HPS,150,60,23.73
REG2,JUN-2009,WESTERN,MAHARASHTRA,PRIVATE,HYDRO,HYDRO,TATA MAH.,BHIRA PSS  HPS,150,0,44.39
REG2,JUN-2009,WESTERN,MAHARASHTRA,STATE,HYDRO,HYDRO,MAHAGENCO,BHIRA TAIL RACE  HPS,80,4,6.47
REG2,JUN-2009,WESTERN,MAHARASHTRA,PRIVATE,HYDRO,HYDRO,TATA MAH.,BHIVPURI  HPS,60,25,34.18
REG2,JUN-2009,WESTERN,MAHARASHTRA,STATE,HYDRO,HYDRO,MAHAGENCO,GHATGHAR  PSS  HPS,250,37,8.71
REG2,JUN-2009,WESTERN,MAHARASHTRA,PRIVATE,HYDRO,HYDRO,TATA MAH.,KHOPOLI  HPS,36,15,18.33
REG2,JUN-2009,WESTERN,MAHARASHTRA,STATE,HYDRO,HYDRO,MAHAGENCO,KOYNA DPH  HPS,40,0,9.12
REG2,JUN-2009,WESTERN,MAHARASHTRA,STATE,HYDRO,HYDRO,MAHAGENCO,KOYNA-I  HPS,280,63,74.96
REG2,JUN-2009,WESTERN,MAHARASHTRA,STATE,HYDRO,HYDRO,MAHAGENCO,KOYNA-II  HPS,320,0,0
REG2,JUN-2009,WESTERN,MAHARASHTRA,STATE,HYDRO,HYDRO,MAHAGENCO,KOYNA-III  HPS,320,0,52.47
REG2,JUN-2009,WESTERN,MAHARASHTRA,STATE,HYDRO,HYDRO,MAHAGENCO,KOYNA-IV  HPS,1000,77,162.04
REG2,JUN-2009,WESTERN,MAHARASHTRA,STATE,HYDRO,HYDRO,MAHAGENCO,TILLARI  HPS,60,0,0
REG2,JUN-2009,WESTERN,MAHARASHTRA,STATE,HYDRO,HYDRO,MAHAGENCO,VAITARNA  HPS,61.5,10,11.64
REG3,JUN-2009,SOUTHERN,ANDHRA PRADESH,STATE,THERMAL,COAL,APGENCO,Dr. N.TATA RAO TPS,1260,816,878.58
REG3,JUN-2009,SOUTHERN,ANDHRA PRADESH,PRIVATE IPP,THERMAL,GAS,GAUTAMI,GAUTAMI CCPP,464,0,311.24
REG3,JUN-2009,SOUTHERN,ANDHRA PRADESH,PRIVATE IPP,THERMAL,GAS,GMR ENERG,GMR Energy Ltd - Kakinada,220,0,47.9
REG3,JUN-2009,SOUTHERN,ANDHRA PRADESH,PRIVATE IPP,THERMAL,GAS,SPGL,GODAVARI CCPP,208,125,132.1
REG3,JUN-2009,SOUTHERN,ANDHRA PRADESH,PRIVATE IPP,THERMAL,GAS,GVKP&IL,JEGURUPADU CCPP,455.4,265,289.98
REG3,JUN-2009,SOUTHERN,ANDHRA PRADESH,STATE,THERMAL,COAL,APGENCO,KAKATIYA TPS,0,0,0
REG3,JUN-2009,SOUTHERN,ANDHRA PRADESH,PRIVATE IPP,THERMAL,GAS,KONA,KONASEEMA CCPP,280,0,163.21
REG3,JUN-2009,SOUTHERN,ANDHRA PRADESH,PRIVATE IPP,THERMAL,GAS,KONDAPALI,KONDAPALLI  EXTN CCPP .,0,0,0
REG3,JUN-2009,SOUTHERN,ANDHRA PRADESH,PRIVATE IPP,THERMAL,GAS,KONDAPALI,KONDAPALLI CCPP,350,215,231.8
REG3,JUN-2009,SOUTHERN,ANDHRA PRADESH,STATE,THERMAL,COAL,APGENCO,KOTHAGUDEM TPS,680,440.8,363.62
REG3,JUN-2009,SOUTHERN,ANDHRA PRADESH,STATE,THERMAL,COAL,APGENCO,KOTHAGUDEM TPS (NEW),500,324,332.45
REG3,JUN-2009,SOUTHERN,ANDHRA PRADESH,PRIVATE IPP,THERMAL,DIESEL,LVS POWER,LVS POWER DG,36.8,0,23.07
REG3,JUN-2009,SOUTHERN,ANDHRA PRADESH,PRIVATE IPP,THERMAL,GAS,BSES(P),PEDDAPURAM CCPP,220,132,140.25
REG3,JUN-2009,SOUTHERN,ANDHRA PRADESH,STATE,THERMAL,COAL,APGENCO,RAMAGUNDEM - B TPS,62.5,38.2,44.24
REG3,JUN-2009,SOUTHERN,ANDHRA PRADESH,CENTRAL,THERMAL,COAL,NTPC Ltd.,RAMAGUNDEM STPS,2600,1471,1691.83
REG3,JUN-2009,SOUTHERN,ANDHRA PRADESH,STATE,THERMAL,COAL,APGENCO,RAYALASEEMA TPS,840,544,471.48
REG3,JUN-2009,SOUTHERN,ANDHRA PRADESH,CENTRAL,THERMAL,COAL,NTPC Ltd.,SIMHADRI,1000,702,713.39
REG3,JUN-2009,SOUTHERN,ANDHRA PRADESH,PRIVATE IPP,THERMAL,COAL,SEPL,SIMHAPURI TPS,0,0,0
REG3,JUN-2009,SOUTHERN,ANDHRA PRADESH,PRIVATE IPP,THERMAL,COAL,MEL,THAMMINAPATNAM TPS,0,0,0
REG3,JUN-2009,SOUTHERN,ANDHRA PRADESH,PRIVATE IPP,THERMAL,GAS,VEMAGIRI,VEMAGIRI CCPP,370,192,258.54
REG3,JUN-2009,SOUTHERN,ANDHRA PRADESH,PRIVATE IPP,THERMAL,GAS,APGCL,VIJESWARAN CCPP,0,0,0
REG3,JUN-2009,SOUTHERN,ANDHRA PRADESH,STATE,HYDRO,HYDRO,APGENCO,HAMPI  HPS,36,0,0
REG3,JUN-2009,SOUTHERN,ANDHRA PRADESH,STATE,HYDRO,HYDRO,APGENCO,LOWER JURALA HPS,0,0,0
REG3,JUN-2009,SOUTHERN,ANDHRA PRADESH,STATE,HYDRO,HYDRO,APGENCO,LOWER SILERU  HPS,460,77,30.79
REG3,JUN-2009,SOUTHERN,ANDHRA PRADESH,STATE,HYDRO,HYDRO,APGENCO,MACHKUND  HPS,114.75,49,39.54
REG3,JUN-2009,SOUTHERN,ANDHRA PRADESH,STATE,HYDRO,HYDRO,APGENCO,NAGARJUN SGR  HPS,810,42,11.43
REG3,JUN-2009,SOUTHERN,ANDHRA PRADESH,STATE,HYDRO,HYDRO,APGENCO,NAGARJUN SGR  LBC  HPS,60,0,0
REG3,JUN-2009,SOUTHERN,ANDHRA PRADESH,STATE,HYDRO,HYDRO,APGENCO,NAGARJUN SGR  TPD,0,0,0
REG3,JUN-2009,SOUTHERN,ANDHRA PRADESH,STATE,HYDRO,HYDRO,APGENCO,NAGARJUN SGR RBC   HPS,90,0,0
REG3,JUN-2009,SOUTHERN,ANDHRA PRADESH,STATE,HYDRO,HYDRO,APGENCO,NAGARJUN SGR RBC EXTN. HPS,0,0,0
REG3,JUN-2009,SOUTHERN,ANDHRA PRADESH,STATE,HYDRO,HYDRO,APGENCO,POCHAMPAD  HPS,27,0,0
REG3,JUN-2009,SOUTHERN,ANDHRA PRADESH,STATE,HYDRO,HYDRO,APGENCO,PRIYADARSHNI  JURALA  HPS,78,3,3.74
REG3,JUN-2009,SOUTHERN,ANDHRA PRADESH,STATE,HYDRO,HYDRO,APGENCO,PULICHINTALA HPS,0,0,0
REG3,JUN-2009,SOUTHERN,ANDHRA PRADESH,STATE,HYDRO,HYDRO,APGENCO,SRISAILAM  HPS,770,23,65.56
REG3,JUN-2009,SOUTHERN,ANDHRA PRADESH,STATE,HYDRO,HYDRO,APGENCO,SRISAILAM LB  HPS,900,30,0
REG3,JUN-2009,SOUTHERN,ANDHRA PRADESH,STATE,HYDRO,HYDRO,APGENCO,T B   DAM  HPS,36,1,0
REG3,JUN-2009,SOUTHERN,ANDHRA PRADESH,STATE,HYDRO,HYDRO,APGENCO,UPPER SILERU  HPS,240,33,7.72
REG3,JUN-2009,SOUTHERN,KARNATAKA,PRIVATE IPP,THERMAL,DIESEL,TATA PCL,BELGAUM DG,81.3,0,34.32
REG3,JUN-2009,SOUTHERN,KARNATAKA,PRIVATE IPP,THERMAL,DIESEL,BELLARY,BELLARY DG,25.2,0,13.01
REG3,JUN-2009,SOUTHERN,KARNATAKA,STATE,THERMAL,COAL,KPCL,BELLARY TPS,500,288,316.5
REG3,JUN-2009,SOUTHERN,KARNATAKA,STATE,THERMAL,COAL,KPCL,RAICHUR TPS,1470,840,792.47
REG3,JUN-2009,SOUTHERN,KARNATAKA,PRIVATE IPP,THERMAL,COAL,JSWEL,TORANGALLU TPS(SBU-I),260,162,171.47
REG3,JUN-2009,SOUTHERN,KARNATAKA,PRIVATE IPP,THERMAL,COAL,JSWEL,TORANGALLU TPS(SBU-II),300,0,49.69
REG3,JUN-2009,SOUTHERN,KARNATAKA,PRIVATE IPP,THERMAL,COAL,UPCL,UDUPI TPP,0,0,0
REG3,JUN-2009,SOUTHERN,KARNATAKA,STATE,THERMAL,DIESEL,KPCL,YELHANKA (DG),127.92,12,42.99
REG3,JUN-2009,SOUTHERN,KARNATAKA,CENTRAL,NUCLEAR,NUCLEAR,NPC,KAIGA,660,246,265.17
REG3,JUN-2009,SOUTHERN,KARNATAKA,STATE,HYDRO,HYDRO,KPCL,ALMATTI DPH  HPS,290,5,0
REG3,JUN-2009,SOUTHERN,KARNATAKA,STATE,HYDRO,HYDRO,KPCL,BHADRA  HPS,39.2,0,0
REG3,JUN-2009,SOUTHERN,KARNATAKA,STATE,HYDRO,HYDRO,KPCL,GERUSUPPA  HPS,240,43,30.51
REG3,JUN-2009,SOUTHERN,KARNATAKA,STATE,HYDRO,HYDRO,KPCL,GHAT PRABHA  HPS,32,1,0
REG3,JUN-2009,SOUTHERN,KARNATAKA,STATE,HYDRO,HYDRO,KPCL,JOG  HPS,139.2,30,20.6
REG3,JUN-2009,SOUTHERN,KARNATAKA,STATE,HYDRO,HYDRO,KPCL,KADRA  HPS,150,22,21.53
REG3,JUN-2009,SOUTHERN,KARNATAKA,STATE,HYDRO,HYDRO,KPCL,KALINADI  HPS,855,202,190.86
REG3,JUN-2009,SOUTHERN,KARNATAKA,STATE,HYDRO,HYDRO,KPCL,KALINADI SUPA  HPS,100,18,24.97
REG3,JUN-2009,SOUTHERN,KARNATAKA,STATE,HYDRO,HYDRO,KPCL,KODASALI  HPS,120,25,20.39
REG3,JUN-2009,SOUTHERN,KARNATAKA,STATE,HYDRO,HYDRO,KPCL,LIGANAMAKKI  HPS,55,6,4.2
REG3,JUN-2009,SOUTHERN,KARNATAKA,STATE,HYDRO,HYDRO,KPCL,MUNIRABAD  HPS,27,0,0
REG3,JUN-2009,SOUTHERN,KARNATAKA,STATE,HYDRO,HYDRO,KPCL,SHARAVATHI  HPS,1006.2,392,303.29
REG3,JUN-2009,SOUTHERN,KARNATAKA,STATE,HYDRO,HYDRO,KPCL,SIVASAMUNDRUM  HPS,42,15,11.14
REG3,JUN-2009,SOUTHERN,KARNATAKA,STATE,HYDRO,HYDRO,KPCL,VARAHI  HPS,460,74,57.51
REG3,JUN-2009,SOUTHERN,KERALA,STATE,THERMAL,DIESEL,KSEB,BRAMHAPURAM DG,106.6,15,10.27
REG3,JUN-2009,SOUTHERN,KERALA,PRIVATE IPP,THERMAL,NAPTHA,BSES(C),COCHIN CCPP (Liq.),174,67,98.65
REG3,JUN-2009,SOUTHERN,KERALA,STATE,THERMAL,DIESEL,KSEB,KOZHIKODE DG,128,45.4,22.56
REG3,JUN-2009,SOUTHERN,KERALA,CENTRAL,THERMAL,NAPTHA,NTPC Ltd.,R. GANDHI CCPP (Liq.),350,165,223.65
REG3,JUN-2009,SOUTHERN,KERALA,STATE,HYDRO,HYDRO,KSEB,IDAMALAYAR  HPS.,75,25,19.28
REG3,JUN-2009,SOUTHERN,KERALA,STATE,HYDRO,HYDRO,KSEB,IDUKKI  HPS.,780,120,160.43
REG3,JUN-2009,SOUTHERN,KERALA,STATE,HYDRO,HYDRO,KSEB,KAKKAD  HPS.,50,16,15.94
REG3,JUN-2009,SOUTHERN,KERALA,STATE,HYDRO,HYDRO,KSEB,KUTTIYADI  HPS.,125,56,23.92
REG3,JUN-2009,SOUTHERN,KERALA,STATE,HYDRO,HYDRO,KSEB,KUTTIYADI ADDL. EXTN.,0,0,0
REG3,JUN-2009,SOUTHERN,KERALA,STATE,HYDRO,HYDRO,KSEB,LOWER PERIYAR  HPS.,180,46,20.43
REG3,JUN-2009,SOUTHERN,KERALA,STATE,HYDRO,HYDRO,KSEB,NARIAMANGLAM  HPS,70,23,13.83
REG3,JUN-2009,SOUTHERN,KERALA,STATE,HYDRO,HYDRO,KSEB,PALLIVASAL  HPS.,37.5,20,19.7
REG3,JUN-2009,SOUTHERN,KERALA,STATE,HYDRO,HYDRO,KSEB,PANNIAR  HPS.,30,8,0
REG3,JUN-2009,SOUTHERN,KERALA,STATE,HYDRO,HYDRO,KSEB,PORINGALKUTTU  HPS.,32,22,7.62
REG3,JUN-2009,SOUTHERN,KERALA,STATE,HYDRO,HYDRO,KSEB,SABARIGIRI  HPS.,300,120,98.83
REG3,JUN-2009,SOUTHERN,KERALA,STATE,HYDRO,HYDRO,KSEB,SENGULAM  HPS.,48,14,11.47
REG3,JUN-2009,SOUTHERN,KERALA,STATE,HYDRO,HYDRO,KSEB,SHOLAYAR  HPS.,54,7,12.96
REG3,JUN-2009,SOUTHERN,PUDUCHERRY,STATE,THERMAL,GAS,P&ED - PUDUCHERRY,KARAIKAL CCPP,32.5,21.6,22.29
REG3,JUN-2009,SOUTHERN,TAMIL NADU,PRIVATE IPP,THERMAL,DIESEL,VASAVI,B. BRIDGE D.G,200,121,119.92
REG3,JUN-2009,SOUTHERN,TAMIL NADU,STATE,THERMAL,NAPTHA,TNGDCL,BASIN BRIDGE GT (Liq.),120,19,13.82
REG3,JUN-2009,SOUTHERN,TAMIL NADU,STATE,THERMAL,COAL,TNGDCL,ENNORE TPS,450,195,140.48
REG3,JUN-2009,SOUTHERN,TAMIL NADU,PRIVATE IPP,THERMAL,GAS,ABAN POWR,KARUPPUR CCPP,119.8,77,53.82
REG3,JUN-2009,SOUTHERN,TAMIL NADU,STATE,THERMAL,GAS,TNGDCL,KOVIKALPAL CCPP,107,65,53.32
REG3,JUN-2009,SOUTHERN,TAMIL NADU,STATE,THERMAL,GAS,TNGDCL,KUTTALAM CCPP,100,57,50.43
REG3,JUN-2009,SOUTHERN,TAMIL NADU,STATE,THERMAL,COAL,TNGDCL,METTUR TPS,840,580,600.73
REG3,JUN-2009,SOUTHERN,TAMIL NADU,CENTRAL,THERMAL,LIGNITE,NLC,NEYVELI ( EXT) TPS,420,262,278.55
REG3,JUN-2009,SOUTHERN,TAMIL NADU,PRIVATE IPP,THERMAL,LIGNITE,ST-CMSECP,NEYVELI TPS(Z),250,167,158.18
REG3,JUN-2009,SOUTHERN,TAMIL NADU,CENTRAL,THERMAL,LIGNITE,NLC,NEYVELI TPS- I,600,303,310.17
REG3,JUN-2009,SOUTHERN,TAMIL NADU,CENTRAL,THERMAL,LIGNITE,NLC,NEYVELI TPS-II,1470,766,1025.95
REG3,JUN-2009,SOUTHERN,TAMIL NADU,CENTRAL,THERMAL,LIGNITE,NLC,NEYVELI TPS-II EXP,0,0,0
REG3,JUN-2009,SOUTHERN,TAMIL NADU,STATE,THERMAL,COAL,TNGDCL,NORTH CHENNAI TPS,630,405,432.43
REG3,JUN-2009,SOUTHERN,TAMIL NADU,PRIVATE IPP,THERMAL,GAS,PPNPGCL,P.NALLUR CCPP,330.5,205,145
REG3,JUN-2009,SOUTHERN,TAMIL NADU,PRIVATE IPP,THERMAL,DIESEL,SAMALPATI,SAMALPATTI DG,105.7,52,47.8
REG3,JUN-2009,SOUTHERN,TAMIL NADU,PRIVATE IPP,THERMAL,DIESEL,MADURAI P,SAMAYANALLUR DG,106.001,57,50.2
REG3,JUN-2009,SOUTHERN,TAMIL NADU,PRIVATE IPP,THERMAL,COAL,IBPIL,TUTICORIN (P) TPP,0,0,0
REG3,JUN-2009,SOUTHERN,TAMIL NADU,STATE,THERMAL,COAL,TNGDCL,TUTICORIN TPS,1050,735,647.95
REG3,JUN-2009,SOUTHERN,TAMIL NADU,PRIVATE IPP,THERMAL,GAS,PENNA,VALANTARVY CCPP,52.8,30,28.84
REG3,JUN-2009,SOUTHERN,TAMIL NADU,CENTRAL,THERMAL,COAL,NTECL,VALLUR TPP,0,0,0
REG3,JUN-2009,SOUTHERN,TAMIL NADU,STATE,THERMAL,GAS,TNGDCL,VALUTHUR CCPP,186.2,75,89.17
REG3,JUN-2009,SOUTHERN,TAMIL NADU,CENTRAL,NUCLEAR,NUCLEAR,NPC,KUNDAKULLAM,0,0,0
REG3,JUN-2009,SOUTHERN,TAMIL NADU,CENTRAL,NUCLEAR,NUCLEAR,NPC,MADRAS  A.P.S.,440,164,169.2
REG3,JUN-2009,SOUTHERN,TAMIL NADU,STATE,HYDRO,HYDRO,TNGDCL,ALIYAR  HPS.,60,12,5.88
REG3,JUN-2009,SOUTHERN,TAMIL NADU,STATE,HYDRO,HYDRO,TNGDCL,BHAWANI BARRAGE III HPS,0,0,0
REG3,JUN-2009,SOUTHERN,TAMIL NADU,STATE,HYDRO,HYDRO,TNGDCL,BHAWANI BARRAGE-II HPS,0,0,0
REG3,JUN-2009,SOUTHERN,TAMIL NADU,STATE,HYDRO,HYDRO,TNGDCL,BHAWANI KATTAL,30,6,0.33
REG3,JUN-2009,SOUTHERN,TAMIL NADU,STATE,HYDRO,HYDRO,TNGDCL,KADAMPARI  HPS.,400,0,42.88
REG3,JUN-2009,SOUTHERN,TAMIL NADU,STATE,HYDRO,HYDRO,TNGDCL,KODAYAR  HPS.,100,21,2.44
REG3,JUN-2009,SOUTHERN,TAMIL NADU,STATE,HYDRO,HYDRO,TNGDCL,KUNDAH  HPS.,555,132,104.74
REG3,JUN-2009,SOUTHERN,TAMIL NADU,STATE,HYDRO,HYDRO,TNGDCL,LOWER METTUR  HPS.,120,23,3.57
REG3,JUN-2009,SOUTHERN,TAMIL NADU,STATE,HYDRO,HYDRO,TNGDCL,METTUR DAM  HPS.,40,40,4.6
REG3,JUN-2009,SOUTHERN,TAMIL NADU,STATE,HYDRO,HYDRO,TNGDCL,METTUR TUNNEL  HPS.,200,0,0.17
REG3,JUN-2009,SOUTHERN,TAMIL NADU,STATE,HYDRO,HYDRO,TNGDCL,MOYAR  HPS,36,10,18.46
REG3,JUN-2009,SOUTHERN,TAMIL NADU,STATE,HYDRO,HYDRO,TNGDCL,PAPANASAM  HPS.,28,9,8.64
REG3,JUN-2009,SOUTHERN,TAMIL NADU,STATE,HYDRO,HYDRO,TNGDCL,PARSON`S VALLEY  HPS.,30,4,1.83
REG3,JUN-2009,SOUTHERN,TAMIL NADU,STATE,HYDRO,HYDRO,TNGDCL,PERIYAR  HPS.,140,47,0
REG3,JUN-2009,SOUTHERN,TAMIL NADU,STATE,HYDRO,HYDRO,TNGDCL,PYKARA  HPS.,58.95,11,5.09
REG3,JUN-2009,SOUTHERN,TAMIL NADU,STATE,HYDRO,HYDRO,TNGDCL,PYKARA ULTMATE  HPS.,150,15,48.99
REG3,JUN-2009,SOUTHERN,TAMIL NADU,STATE,HYDRO,HYDRO,TNGDCL,SARKARPATHY  HPS.,30,11,0
REG3,JUN-2009,SOUTHERN,TAMIL NADU,STATE,HYDRO,HYDRO,TNGDCL,SHOLAYAR  HPS.,95,21,8.95
REG3,JUN-2009,SOUTHERN,TAMIL NADU,STATE,HYDRO,HYDRO,TNGDCL,SURULIYAR  HPS.,35,11,0.01
REG4,JUN-2009,EASTERN,ANDAMAN NICOBAR,STATE,THERMAL,DIESEL,A&N ADM,AND. NICOBAR DG,40.05,0,5.24
REG4,JUN-2009,EASTERN,BIHAR,STATE,THERMAL,COAL,BSEB,BARAUNI TPS,320,30,8.81
REG4,JUN-2009,EASTERN,BIHAR,CENTRAL,THERMAL,COAL,NTPC Ltd.,BARH II,0,0,0
REG4,JUN-2009,EASTERN,BIHAR,CENTRAL,THERMAL,COAL,NTPC Ltd.,KAHALGAON TPS,1840,1140,1037.83
REG4,JUN-2009,EASTERN,BIHAR,CENTRAL,THERMAL,COAL,K.B.U.N.L,MUZAFFARPUR TPS,220,45,48.25
REG4,JUN-2009,EASTERN,JHARKHAND,CENTRAL,THERMAL,COAL,DVC,BOKARO `B` TPS,630,346,198.94
REG4,JUN-2009,EASTERN,JHARKHAND,CENTRAL,THERMAL,COAL,DVC,CHANDRAPURA(DVC) TPS,750,234,210.25
REG4,JUN-2009,EASTERN,JHARKHAND,PRIVATE IPP,THERMAL,COAL,TATA PCL,JOJOBERA TPS,360,167,213.16
REG4,JUN-2009,EASTERN,JHARKHAND,CENTRAL,THERMAL,COAL,DVC,KODARMA TPP,0,0,0
REG4,JUN-2009,EASTERN,JHARKHAND,PRIVATE IPP,THERMAL,COAL,ADHUNIK,MAHADEV PRASAD STPP,0,0,0
REG4,JUN-2009,EASTERN,JHARKHAND,CENTRAL,THERMAL,NAPTHA,DVC,MAITHON GT (Liq.),90,0,0
REG4,JUN-2009,EASTERN,JHARKHAND,PRIVATE IPP,THERMAL,COAL,MPL,MAITHON RB TPP,0,0,0
REG4,JUN-2009,EASTERN,JHARKHAND,PRIVATE IPP,THERMAL,COAL,CPL,MAITRISHI USHA TPS,0,0,0
REG4,JUN-2009,EASTERN,JHARKHAND,STATE,THERMAL,COAL,JSEB,PATRATU TPS,840,188,71.52
REG4,JUN-2009,EASTERN,JHARKHAND,STATE,THERMAL,COAL,TVNL,TENUGHAT TPS,420,210,230.74
REG4,JUN-2009,EASTERN,JHARKHAND,CENTRAL,HYDRO,HYDRO,DVC,MAITHON  HPS.,60,5,2.08
REG4,JUN-2009,EASTERN,JHARKHAND,CENTRAL,HYDRO,HYDRO,DVC,PANCHET  HPS.,80,9,1.54
REG4,JUN-2009,EASTERN,JHARKHAND,STATE,HYDRO,HYDRO,JSEB,SUBERNREKHA  HPS.,130,6,0.17
REG4,JUN-2009,EASTERN,ORISSA,PRIVATE IPP,THERMAL,COAL,JPL,DERANG TPP,0,0,0
REG4,JUN-2009,EASTERN,ORISSA,STATE,THERMAL,COAL,OPGC,IB VALLEY TPS,420,212.89,196.06
REG4,JUN-2009,EASTERN,ORISSA,PRIVATE IPP,THERMAL,COAL,ICCL,ICCL IMP,0,20,27.34
REG4,JUN-2009,EASTERN,ORISSA,PRIVATE IPP,THERMAL,COAL,IBPIL,IND BARATH TPP,0,0,0
REG4,JUN-2009,EASTERN,ORISSA,PRIVATE IPP,THERMAL,COAL,GMR ENERG,KAMALANGA TPS,0,0,0
REG4,JUN-2009,EASTERN,ORISSA,PRIVATE IPP,THERMAL,COAL,NALCO,NALCO IMP,0,17,18.98
REG4,JUN-2009,EASTERN,ORISSA,PRIVATE IPP,THERMAL,COAL,SEL,STERLITE TPP,0,0,0
REG4,JUN-2009,EASTERN,ORISSA,CENTRAL,THERMAL,COAL,NTPC Ltd.,TALCHER (OLD) TPS,470,242,280.97
REG4,JUN-2009,EASTERN,ORISSA,CENTRAL,THERMAL,COAL,NTPC Ltd.,TALCHER STPS,3000,2090,1927.97
REG4,JUN-2009,EASTERN,ORISSA,STATE,HYDRO,HYDRO,OHPC,BALIMELA  HPS.,510,73,108.12
REG4,JUN-2009,EASTERN,ORISSA,STATE,HYDRO,HYDRO,OHPC,HIRAKUD HPS,331.5,42,14.76
REG4,JUN-2009,EASTERN,ORISSA,STATE,HYDRO,HYDRO,OHPC,RENGALI  HPS.,250,41,8.69
REG4,JUN-2009,EASTERN,ORISSA,STATE,HYDRO,HYDRO,OHPC,UPPER  INDRAVATI  HPS.,600,169,44.43
REG4,JUN-2009,EASTERN,ORISSA,STATE,HYDRO,HYDRO,OHPC,UPPER KOLAB  HPS.,320,47,24.05
REG4,JUN-2009,EASTERN,SIKKIM,PRIVATE IPP,HYDRO,HYDRO,GIL,CHUZACHEN HPS,0,0,0
REG4,JUN-2009,EASTERN,SIKKIM,CENTRAL,HYDRO,HYDRO,NHPC,RANGIT HPS,60,40,37.69
REG4,JUN-2009,EASTERN,SIKKIM,CENTRAL,HYDRO,HYDRO,NHPC,TEESTA V HPS,510,302,336.23
REG4,JUN-2009,EASTERN,WEST BENGAL,STATE,THERMAL,COAL,WBPDC,BAKRESWAR TPS,1050,475,562.83
REG4,JUN-2009,EASTERN,WEST BENGAL,STATE,THERMAL,COAL,WBPDC,BANDEL TPS,450,200,157.17
REG4,JUN-2009,EASTERN,WEST BENGAL,PRIVATE,THERMAL,COAL,CESC,BUDGE BUDGE TPS,500,370,326.19
REG4,JUN-2009,EASTERN,WEST BENGAL,PRIVATE IPP,THERMAL,COAL,DPSCLTD,CHINAKURI TPS,20,0,12.55
REG4,JUN-2009,EASTERN,WEST BENGAL,STATE,THERMAL,COAL,DPL,D.P.L. TPS,695,356,201.22
REG4,JUN-2009,EASTERN,WEST BENGAL,CENTRAL,THERMAL,COAL,DVC,DURGAPUR STEEL TPS,0,0,0
REG4,JUN-2009,EASTERN,WEST BENGAL,CENTRAL,THERMAL,COAL,DVC,DURGAPUR TPS,340,197,171.96
REG4,JUN-2009,EASTERN,WEST BENGAL,CENTRAL,THERMAL,COAL,NTPC Ltd.,FARAKKA STPS,1600,955,1160.2
REG4,JUN-2009,EASTERN,WEST BENGAL,STATE,THERMAL,HIGH SPEED DIESEL,WBPDC,HALDIA GT (Liq.),40,0,0
REG4,JUN-2009,EASTERN,WEST BENGAL,STATE,THERMAL,HIGH SPEED DIESEL,WBPDC,KASBA GT (Liq.),40,0,0
REG4,JUN-2009,EASTERN,WEST BENGAL,STATE,THERMAL,COAL,WBPDC,KOLAGHAT TPS,1260,690,570.36
REG4,JUN-2009,EASTERN,WEST BENGAL,CENTRAL,THERMAL,COAL,DVC,MEJIA TPS,1340,725,584.62
REG4,JUN-2009,EASTERN,WEST BENGAL,PRIVATE,THERMAL,COAL,CESC,NEW COSSIPORE TPS,160,36,37.4
REG4,JUN-2009,EASTERN,WEST BENGAL,CENTRAL,THERMAL,COAL,DVC,RAGHUNATHPUR TPP,0,0,0
REG4,JUN-2009,EASTERN,WEST BENGAL,STATE,THERMAL,COAL,WBPDC,SAGARDIGHI TPS,600,292.8,172.35
REG4,JUN-2009,EASTERN,WEST BENGAL,STATE,THERMAL,COAL,WBPDC,SANTALDIH TPS,730,280,144.47
REG4,JUN-2009,EASTERN,WEST BENGAL,PRIVATE,THERMAL,COAL,CESC,SOUTHERN REPL. TPS,135,100,99.92
REG4,JUN-2009,EASTERN,WEST BENGAL,PRIVATE,THERMAL,COAL,CESC,TITAGARH TPS,240,172,163.56
REG4,JUN-2009,EASTERN,WEST BENGAL,STATE,HYDRO,HYDRO,WBSEDCL,JALDHAKA  HPS ST-I,35,6,0
REG4,JUN-2009,EASTERN,WEST BENGAL,STATE,HYDRO,HYDRO,WBSEDCL,PURULIA PSS  HPS.,900,65,64.37
REG4,JUN-2009,EASTERN,WEST BENGAL,STATE,HYDRO,HYDRO,WBSEDCL,RAMMAM  HPS.,50,18,18.21
REG4,JUN-2009,EASTERN,WEST BENGAL,CENTRAL,HYDRO,HYDRO,NHPC,TEESTA LOW DAM-III HPS,0,0,0
REG4,JUN-2009,EASTERN,WEST BENGAL,CENTRAL,HYDRO,HYDRO,NHPC,TEESTA LOW DAM-IV HPS,0,0,0
REG4,JUN-2009,EASTERN,WEST BENGAL,PRIVATE IPP,HYDRO,HYDRO,SUL,TEESTA-III HPS,0,0,0
REG5,JUN-2009,NORTH EASTERN,ARUNACHAL PRADESH,CENTRAL,HYDRO,HYDRO,NEEPCO.,RANGANADI  HPS.,405,135,98.29
REG5,JUN-2009,NORTH EASTERN,ASSAM,STATE,THERMAL,MULTI FUEL,APGPCL,CHANDRAPUR(ASSAM) TPS,60,0,0
REG5,JUN-2009,NORTH EASTERN,ASSAM,CENTRAL,THERMAL,GAS,NEEPCO.,KATHALGURI CCPP,291,134,144.84
REG5,JUN-2009,NORTH EASTERN,ASSAM,STATE,THERMAL,GAS,APGPCL,LAKWA GT,120,60.9,60.4
REG5,JUN-2009,NORTH EASTERN,ASSAM,STATE,THERMAL,GAS,APGPCL,NAMRUP CCPP,95,42.2,37.68
REG5,JUN-2009,NORTH EASTERN,ASSAM,STATE,THERMAL,GAS,APGPCL,NAMRUP ST,24,8,9.48
REG5,JUN-2009,NORTH EASTERN,ASSAM,STATE,HYDRO,HYDRO,APGPCL,KARBI LANGPI  HPS.,100,53,44.64
REG5,JUN-2009,NORTH EASTERN,ASSAM,CENTRAL,HYDRO,HYDRO,NEEPCO.,KOPILI  HPS.,225,109,87.07
REG5,JUN-2009,NORTH EASTERN,MANIPUR,STATE,THERMAL,DIESEL,ED - MANIPUR,LEIMAKHONG DG,36,0,0
REG5,JUN-2009,NORTH EASTERN,MANIPUR,CENTRAL,HYDRO,HYDRO,NHPC,LOKTAK  HPS.,100,30,6.96
REG5,JUN-2009,NORTH EASTERN,MEGHALAYA,CENTRAL,HYDRO,HYDRO,NEEPCO.,KHONDONG  HPS.,50,40,16.15
REG5,JUN-2009,NORTH EASTERN,MEGHALAYA,STATE,HYDRO,HYDRO,MeECL,KYRDEMKULAI  HPS.,60,13,12.61
REG5,JUN-2009,NORTH EASTERN,MEGHALAYA,STATE,HYDRO,HYDRO,MeECL,MYNTDU(LESHKA) St-1 HPS,0,0,0
REG5,JUN-2009,NORTH EASTERN,MEGHALAYA,STATE,HYDRO,HYDRO,MeECL,UMIAM  HPS ST-I,54,10,11.01
REG5,JUN-2009,NORTH EASTERN,MEGHALAYA,STATE,HYDRO,HYDRO,MeECL,UMIAM HPS ST-IV,60,17,13.96
REG5,JUN-2009,NORTH EASTERN,NAGALAND,CENTRAL,HYDRO,HYDRO,NEEPCO.,DOYANG  HPS.,75,24,9.41
REG5,JUN-2009,NORTH EASTERN,TRIPURA,CENTRAL,THERMAL,GAS,NEEPCO.,AGARTALA GT,84,41,54.38
REG5,JUN-2009,NORTH EASTERN,TRIPURA,STATE,THERMAL,GAS,TSECL,BARAMURA GT,37.5,12.5,14.94
REG5,JUN-2009,NORTH EASTERN,TRIPURA,STATE,THERMAL,GAS,TSECL,ROKHIA GT,90,28,37.87
REG5,JUN-2009,NORTH EASTERN,TRIPURA,CENTRAL,THERMAL,GAS,ONGC,TRIPURA CCPP,0,0,0
